listing_id,district,room_count,area,building_age,floor,total_floors,price,distance_to_university_km,distance_to_center_km,distance_to_hospital_km,green_space_score,safety_score,public_transport_score,noise_level
1,Görükle,3+1,124.8,20,1,7,14860.0,0.0,13.4,6.0,7.4,6.6,6.7,6.1
2,Görükle,2+1,75.8,2,2,4,15840.0,0.0,15.0,5.3,6.7,6.7,5.9,6.5
3,Görükle,3+1,128.1,2,0,7,18200.0,0.0,14.2,7.3,6.1,6.4,6.2,7.7
4,Görükle,3+1,123.2,22,2,6,17170.0,3.3,14.2,5.0,4.9,7.5,7.2,6.3
5,Görükle,1+1,48.6,2,8,9,9460.0,0.0,14.8,5.7,6.0,6.4,6.2,7.8
6,Görükle,4+1,139.6,16,1,11,19820.0,0.0,12.5,5.3,5.7,7.0,5.1,6.5
7,Görükle,3+1,103.7,2,1,3,16600.0,2.5,14.6,7.1,5.9,6.1,5.8,6.7
8,Görükle,3+1,119.0,3,1,9,20160.0,4.8,16.3,5.3,5.8,5.6,5.6,6.8
9,Görükle,1+1,47.2,14,4,5,5120.0,0.8,12.7,5.6,5.3,6.4,4.8,5.2
10,Görükle,2+1,76.2,8,8,11,14540.0,5.4,12.6,5.7,6.3,7.5,5.3,6.3
11,Görükle,2+1,93.0,2,1,4,15250.0,0.0,13.7,5.8,6.2,6.2,6.3,7.4
12,Görükle,4+1,148.8,6,6,11,23770.0,0.0,14.4,5.9,7.7,7.4,6.3,5.8
13,Görükle,2+1,79.3,12,1,11,13570.0,1.4,14.6,4.6,6.7,6.8,5.2,6.1
14,Görükle,3+1,123.4,13,7,8,18020.0,0.6,14.2,7.2,3.9,6.4,6.1,6.8
15,Görükle,2+1,73.5,3,2,4,14630.0,0.0,15.0,5.7,6.0,5.9,5.8,7.7
16,Görükle,1+1,63.3,7,3,9,10540.0,3.6,14.5,6.7,5.8,6.5,5.5,7.4
17,Görükle,2+1,75.1,1,6,7,12740.0,2.8,14.9,7.5,6.6,5.6,6.0,5.4
18,Görükle,1+1,61.0,9,6,7,8650.0,0.0,14.0,5.0,5.5,6.7,6.8,7.0
19,Görükle,3+1,114.0,7,7,9,18920.0,3.4,11.5,5.5,6.5,5.6,7.0,6.8
20,Görükle,2+1,80.5,10,3,4,13890.0,1.3,14.3,6.2,5.3,6.4,5.9,6.8
21,Görükle,3+1,128.1,19,3,9,20770.0,0.0,13.0,6.2,6.7,6.5,6.9,7.3
22,Görükle,2+1,93.8,2,5,5,15240.0,0.0,15.9,5.6,6.1,7.3,4.9,5.4
23,Görükle,4+1,151.0,2,1,3,26750.0,1.4,12.3,4.2,6.0,6.2,6.3,7.1
24,Görükle,3+1,130.0,8,3,4,22180.0,1.3,14.6,5.4,5.9,6.6,6.6,6.1
25,Görükle,3+1,119.7,0,0,3,22370.0,0.0,12.4,4.8,4.1,6.1,6.5,6.2
26,Görükle,1+1,60.4,18,9,10,8360.0,3.0,14.1,5.3,5.5,5.6,5.4,6.2
27,Görükle,2+1,87.7,9,6,9,14210.0,0.0,14.6,5.9,4.5,7.1,5.6,6.0
28,Görükle,1+1,64.6,14,6,7,9230.0,1.5,14.4,7.1,5.7,5.6,6.7,6.2
29,Görükle,1+1,63.8,0,4,7,11300.0,3.9,16.5,6.1,6.1,7.1,5.4,6.8
30,Görükle,3+1,119.0,9,2,4,14900.0,0.0,12.7,5.6,5.8,7.7,6.8,5.6
31,Görükle,3+1,117.0,12,5,7,17890.0,1.9,13.6,6.9,5.1,6.5,7.8,6.7
32,Görükle,4+1,160.8,1,4,4,26880.0,0.7,13.1,6.3,5.3,6.9,6.8,6.8
33,Görükle,2+1,77.0,7,1,7,13540.0,0.0,13.6,4.4,4.8,7.3,6.6,5.9
34,Görükle,2+1,73.0,7,7,7,14890.0,1.7,13.3,6.4,4.8,6.3,6.1,6.4
35,Görükle,2+1,75.2,1,1,7,11610.0,2.3,16.0,5.2,5.3,7.3,5.9,7.8
36,Görükle,1+1,52.9,2,8,10,9080.0,3.3,13.6,5.2,5.6,6.8,4.9,7.1
37,Görükle,1+1,54.8,14,4,9,7260.0,0.0,13.0,6.2,5.9,6.3,5.9,6.7
38,Görükle,2+1,79.2,5,3,10,13380.0,1.8,14.4,7.6,5.9,6.3,5.5,5.6
39,Görükle,1+1,51.8,1,1,3,9070.0,1.1,13.1,6.7,6.6,6.4,5.5,7.0
40,Görükle,3+1,109.2,3,0,8,18580.0,0.0,14.2,4.8,7.1,7.2,5.8,6.8
41,Görükle,2+1,88.0,35,7,8,9130.0,2.1,16.4,5.1,5.3,6.6,7.1,5.4
42,Görükle,3+1,108.6,11,8,11,15600.0,0.0,12.5,5.7,5.6,7.0,6.2,4.9
43,Görükle,3+1,112.3,5,0,8,16780.0,0.0,14.6,6.6,6.4,5.5,6.4,5.6
44,Görükle,2+1,86.9,4,6,8,12810.0,0.0,14.9,6.2,5.5,7.4,5.7,6.5
45,Görükle,3+1,115.4,7,0,7,17080.0,0.4,15.6,5.2,4.1,7.5,7.8,6.1
46,Görükle,3+1,117.7,2,1,4,19160.0,0.0,14.7,6.4,4.8,6.9,7.4,6.7
47,Görükle,2+1,80.2,1,2,4,10690.0,1.2,13.5,7.5,5.9,7.5,5.2,7.0
48,Görükle,2+1,70.4,2,7,11,13440.0,0.5,12.0,6.0,5.3,6.3,5.9,5.0
49,Görükle,3+1,109.8,23,3,5,9950.0,2.2,14.3,5.4,4.9,7.0,6.2,8.6
50,Görükle,1+1,56.2,1,7,8,10390.0,1.9,15.5,5.6,5.7,6.2,6.6,7.8
51,Görükle,1+1,58.1,28,5,10,6900.0,2.4,11.3,5.3,5.4,5.1,5.3,5.7
52,Görükle,1+1,55.3,8,0,3,7580.0,0.9,15.3,5.2,5.3,6.8,5.8,7.1
53,Görükle,3+1,100.0,0,6,6,16980.0,0.7,12.5,4.7,6.5,6.3,5.3,6.4
54,Görükle,3+1,109.7,5,5,11,15750.0,3.2,14.3,6.6,5.1,5.8,6.3,6.6
55,Görükle,3+1,101.4,5,3,3,16690.0,2.2,15.0,4.7,4.2,7.1,6.8,5.6
56,Görükle,3+1,125.5,0,5,5,25930.0,1.8,13.6,5.3,6.0,6.3,5.3,8.3
57,Görükle,2+1,94.6,5,8,9,16850.0,2.0,14.5,7.0,6.5,6.9,6.4,6.8
58,Görükle,2+1,78.7,0,1,9,11320.0,3.5,16.1,7.1,6.2,7.3,6.0,6.7
59,Görükle,1+1,58.9,1,5,10,8360.0,0.9,13.9,7.4,6.7,6.5,6.2,6.5
60,Görükle,1+1,55.7,3,1,4,8370.0,0.0,14.6,6.3,4.6,6.4,6.7,7.5
61,Görükle,3+1,126.2,0,5,8,18670.0,1.5,14.5,7.0,6.9,6.4,5.1,6.2
62,Görükle,2+1,82.9,0,3,3,14510.0,0.2,13.2,6.2,5.7,6.6,6.2,5.5
63,Görükle,2+1,74.5,0,10,11,13140.0,0.0,11.5,4.5,6.0,6.5,5.9,7.6
64,Görükle,3+1,121.9,11,6,11,15950.0,0.4,13.1,5.3,5.7,7.4,7.3,6.2
65,Görükle,2+1,94.5,1,7,10,15720.0,1.2,14.4,8.5,6.7,6.1,6.7,6.2
66,Görükle,2+1,81.7,1,2,6,14210.0,1.0,14.4,6.3,4.5,6.9,5.3,5.2
67,Görükle,2+1,88.8,13,1,6,14450.0,0.0,13.5,5.5,6.0,6.7,5.3,7.2
68,Görükle,2+1,86.3,3,1,10,14210.0,0.7,13.9,6.0,6.2,7.1,5.2,5.4
69,Görükle,1+1,46.4,1,3,11,7410.0,0.0,12.0,5.3,5.6,6.3,6.0,6.2
70,Görükle,2+1,91.3,3,5,7,15920.0,0.0,14.5,6.1,5.9,7.5,5.6,8.4
71,Görükle,1+1,62.9,1,1,6,9220.0,0.0,14.5,6.4,5.5,7.1,6.8,7.8
72,Görükle,2+1,83.3,5,1,5,12940.0,0.0,14.1,5.5,5.9,7.6,5.9,6.9
73,Görükle,3+1,113.0,3,0,6,19640.0,2.7,16.0,6.2,6.5,5.8,5.9,7.3
74,Görükle,1+1,47.4,20,1,3,6820.0,2.8,14.3,5.7,6.3,4.7,6.3,3.2
75,Görükle,1+1,54.4,4,10,10,7640.0,0.0,15.6,5.6,7.8,6.5,6.3,8.0
76,Görükle,2+1,93.1,8,3,5,14500.0,0.0,13.7,5.4,6.7,6.5,5.8,6.4
77,Görükle,2+1,79.8,23,2,8,9140.0,2.7,13.5,4.9,6.4,6.8,4.9,6.7
78,Görükle,3+1,120.3,18,0,8,13950.0,1.5,13.6,5.6,6.7,7.4,7.3,7.7
79,Görükle,2+1,80.1,12,3,4,12150.0,1.2,15.0,6.0,5.4,6.3,6.4,6.5
80,Görükle,3+1,102.8,6,3,4,17910.0,1.6,12.5,7.2,5.6,5.5,5.3,5.6
81,Görükle,3+1,103.9,5,1,9,18020.0,1.5,14.4,6.3,6.5,5.2,5.7,4.5
82,Görükle,2+1,76.4,11,1,3,13200.0,1.3,13.4,6.4,5.6,6.5,6.7,6.0
83,Görükle,3+1,128.1,6,1,5,22860.0,2.0,14.1,5.4,5.3,6.2,6.4,5.6
84,Görükle,1+1,64.6,13,9,11,9670.0,4.7,12.3,7.2,6.1,6.7,6.1,6.9
85,Görükle,1+1,53.2,2,7,8,10070.0,0.0,13.9,5.1,6.4,7.4,5.9,6.3
86,Görükle,1+1,47.3,4,7,7,6880.0,1.3,15.6,8.2,5.5,7.4,6.2,6.4
87,Görükle,3+1,123.7,5,7,7,19000.0,0.0,12.1,6.5,5.8,6.1,6.0,7.2
88,Görükle,2+1,86.3,15,0,3,13210.0,2.5,15.5,6.9,6.5,6.9,6.4,5.5
89,Görükle,1+1,60.7,10,9,11,10750.0,2.3,15.8,5.8,5.1,6.4,6.1,6.6
90,Görükle,2+1,72.4,0,3,5,10850.0,1.7,14.0,5.4,5.8,6.4,5.8,8.1
91,Görükle,1+1,48.4,2,3,3,7190.0,0.6,13.2,7.1,5.9,7.3,6.0,6.5
92,Görükle,3+1,115.1,11,4,9,12570.0,0.0,13.3,6.0,6.6,6.8,5.7,7.4
93,Görükle,2+1,90.6,9,9,9,14470.0,0.2,14.8,6.1,6.0,7.4,4.3,5.2
94,Görükle,2+1,75.5,22,3,11,8200.0,0.0,13.0,8.0,7.4,6.3,5.7,5.5
95,Görükle,2+1,82.2,1,2,5,13690.0,0.0,13.1,6.1,6.3,6.8,5.1,7.3
96,Görükle,2+1,86.9,0,0,6,12340.0,0.5,14.4,6.5,5.9,7.4,6.7,6.3
97,Görükle,2+1,71.5,0,4,7,10360.0,0.0,15.8,5.2,4.9,6.2,6.3,6.4
98,Görükle,1+1,62.2,10,2,6,8510.0,4.4,14.4,6.7,5.6,6.4,5.5,4.1
99,Görükle,1+1,47.1,4,4,7,6590.0,3.0,13.9,7.0,6.3,7.0,5.4,7.0
100,Görükle,4+1,146.3,16,2,3,22320.0,0.2,12.7,5.1,6.1,6.7,5.4,6.5
101,Görükle,4+1,146.2,2,1,11,28100.0,0.0,16.0,5.6,6.8,6.5,5.7,4.9
102,Görükle,3+1,111.7,2,2,5,22010.0,0.0,14.4,5.4,5.5,7.0,6.0,8.1
103,Görükle,2+1,74.2,10,4,11,12430.0,0.3,13.9,5.9,5.3,6.9,6.5,7.0
104,Görükle,4+1,136.8,15,4,10,20660.0,0.1,14.0,5.5,7.3,6.7,5.8,7.6
105,Görükle,3+1,125.6,3,2,4,20860.0,1.4,12.4,6.0,7.6,7.0,6.1,6.1
106,Görükle,3+1,123.2,6,2,4,21690.0,0.0,13.2,5.1,5.2,6.5,4.5,7.1
107,Görükle,2+1,82.0,9,8,8,11170.0,2.8,10.7,5.7,5.1,7.0,5.5,6.9
108,Görükle,2+1,77.6,3,0,3,13370.0,0.0,15.4,5.4,5.6,6.5,4.9,6.7
109,Görükle,1+1,54.2,1,2,11,8990.0,2.1,11.7,5.1,6.7,6.7,6.3,8.2
110,Görükle,4+1,137.8,6,10,11,21460.0,0.0,14.5,6.4,5.6,5.9,7.6,6.8
111,Görükle,2+1,87.6,2,7,7,14160.0,1.8,12.4,6.3,7.5,6.8,5.7,6.0
112,Görükle,1+1,56.3,7,4,10,9890.0,0.0,15.0,5.7,6.3,5.8,6.9,7.6
113,Görükle,2+1,87.7,17,4,4,12980.0,0.0,14.0,6.3,6.4,6.6,6.2,7.8
114,Görükle,2+1,87.6,29,3,7,10370.0,0.0,14.1,7.0,5.1,6.7,5.4,5.9
115,Görükle,1+1,57.2,0,0,5,7550.0,3.8,14.7,5.9,6.5,5.7,6.8,6.2
116,Görükle,3+1,104.6,1,0,4,19070.0,1.4,14.8,6.0,6.4,6.2,7.6,5.1
117,Görükle,3+1,128.5,5,0,4,26300.0,2.5,15.2,6.0,5.8,6.4,6.3,7.8
118,Görükle,3+1,119.6,31,2,4,15810.0,2.0,14.9,5.8,5.3,6.0,4.9,6.7
119,Görükle,2+1,82.7,4,5,5,11480.0,2.7,13.2,6.3,4.9,7.4,5.9,6.8
120,Görükle,2+1,94.5,4,7,7,14330.0,0.5,14.6,5.9,5.7,7.4,5.9,8.6
121,Görükle,2+1,85.8,9,4,6,14800.0,0.0,13.0,6.4,6.8,6.5,5.1,5.3
122,Görükle,2+1,75.4,14,0,6,12510.0,1.0,11.3,5.8,5.9,7.8,5.0,6.1
123,Görükle,1+1,49.0,0,3,5,8440.0,1.5,14.9,5.4,6.7,5.7,6.2,6.7
124,Görükle,2+1,77.7,2,5,9,11280.0,0.5,12.7,6.3,5.1,6.9,5.2,6.0
125,Görükle,1+1,49.8,8,0,4,7590.0,1.7,11.5,6.0,7.6,6.6,6.0,7.0
126,Görükle,2+1,77.6,2,2,11,13250.0,0.0,15.6,5.7,4.5,5.7,4.1,6.3
127,Görükle,2+1,92.7,8,3,6,16590.0,0.7,11.4,6.5,6.4,6.7,6.7,5.5
128,Görükle,1+1,47.2,7,3,4,5950.0,0.0,15.8,5.8,6.7,6.6,5.9,7.7
129,Görükle,1+1,63.8,2,6,11,11330.0,1.6,12.1,5.4,5.5,6.3,5.0,5.9
130,Görükle,2+1,74.8,2,4,5,12240.0,0.4,14.2,5.3,5.1,5.9,5.6,5.5
131,Görükle,1+1,50.3,3,5,11,8320.0,0.7,14.4,6.0,4.8,5.7,6.0,7.4
132,Görükle,4+1,169.8,0,1,4,28330.0,1.8,13.2,5.9,4.7,5.1,6.7,5.6
133,Görükle,2+1,80.3,5,8,9,12690.0,0.0,14.5,6.4,6.3,6.6,7.1,5.5
134,Görükle,2+1,88.9,2,3,6,12280.0,0.5,15.6,6.4,6.2,6.4,5.7,6.8
135,Görükle,2+1,76.9,2,0,5,11760.0,1.8,17.5,4.6,6.3,6.0,6.4,6.5
136,Görükle,1+1,60.7,3,6,6,11360.0,0.0,15.9,6.3,6.9,5.8,5.4,6.6
137,Görükle,4+1,139.5,6,4,4,17570.0,2.5,14.0,5.8,4.8,6.8,4.3,7.1
138,Görükle,2+1,76.0,4,5,9,14140.0,0.7,13.2,5.6,7.0,6.8,5.7,6.3
139,Görükle,3+1,105.7,6,7,7,18410.0,1.2,16.9,5.1,5.9,7.6,6.8,5.9
140,Görükle,1+1,53.2,60,1,3,5810.0,0.9,12.1,6.1,6.4,6.4,4.9,7.4
141,Görükle,2+1,86.5,9,0,11,10970.0,0.0,13.4,7.0,5.5,6.9,5.6,6.7
142,Görükle,2+1,79.9,23,0,10,8490.0,0.0,13.4,5.0,6.3,6.2,7.7,4.9
143,Görükle,4+1,136.0,35,4,6,16450.0,0.0,14.3,7.5,5.6,6.7,6.7,6.4
144,Görükle,2+1,90.3,7,6,11,14080.0,0.0,14.2,5.5,5.6,6.9,5.1,7.4
145,Görükle,2+1,73.0,0,3,3,14090.0,1.1,12.9,5.6,6.1,6.5,5.9,6.5
146,Görükle,2+1,83.1,30,3,6,10970.0,0.0,13.8,5.3,6.1,6.3,7.0,7.0
147,Görükle,2+1,78.3,5,7,8,11760.0,1.5,13.4,6.7,5.4,6.1,5.5,6.0
148,Görükle,2+1,77.2,4,3,5,16040.0,0.0,14.1,5.1,5.4,6.1,5.3,5.6
149,Görükle,2+1,80.2,3,2,11,11770.0,5.2,13.5,6.1,5.0,7.5,6.8,6.8
150,Görükle,1+1,54.8,7,5,8,10190.0,2.2,14.1,4.1,5.2,6.9,6.8,7.5
151,Özlüce,2+1,91.3,1,5,8,14550.0,6.1,7.5,2.3,6.2,5.9,6.0,4.2
152,Özlüce,1+1,46.4,4,7,9,8720.0,3.3,8.2,4.2,5.7,7.5,5.7,4.7
153,Özlüce,1+1,47.3,14,4,9,7480.0,5.6,8.1,4.4,6.7,6.9,6.2,5.7
154,Özlüce,1+1,55.4,1,0,6,12550.0,4.0,9.9,2.5,6.7,7.9,6.8,5.2
155,Özlüce,1+1,61.2,0,5,10,10530.0,5.6,9.2,3.4,5.9,6.2,6.8,5.5
156,Özlüce,2+1,70.6,13,4,5,12210.0,6.5,8.9,3.6,8.3,6.7,6.0,5.4
157,Özlüce,3+1,104.4,4,3,3,18830.0,4.3,10.4,4.5,5.5,8.1,7.0,5.0
158,Özlüce,3+1,128.4,0,5,10,22460.0,6.9,9.6,4.0,5.9,7.1,6.5,3.8
159,Özlüce,1+1,54.0,1,5,6,10400.0,5.3,10.6,3.6,7.0,6.8,6.6,5.7
160,Özlüce,2+1,87.0,4,5,7,16430.0,7.4,9.8,5.5,5.9,6.2,5.8,5.6
161,Özlüce,1+1,49.3,1,4,8,10560.0,10.3,9.4,4.5,6.1,5.9,6.1,4.0
162,Özlüce,4+1,169.7,3,1,7,32710.0,5.5,8.8,4.8,6.5,7.3,6.4,4.7
163,Özlüce,1+1,47.2,3,1,6,8750.0,4.1,9.0,4.0,4.8,6.5,6.8,5.3
164,Özlüce,2+1,75.1,12,8,8,13720.0,5.9,8.4,3.5,6.9,7.1,6.9,5.1
165,Özlüce,2+1,80.9,5,8,9,16120.0,4.8,6.8,5.2,6.7,6.0,6.0,5.7
166,Özlüce,2+1,89.3,9,6,10,13490.0,4.8,9.3,4.3,6.9,7.5,6.6,5.4
167,Özlüce,2+1,80.6,22,1,4,12260.0,7.2,9.7,4.0,5.9,7.0,6.5,5.2
168,Özlüce,3+1,110.6,9,3,7,21570.0,6.1,11.8,3.7,6.8,6.5,6.3,5.2
169,Özlüce,1+1,48.4,17,3,5,7550.0,5.5,12.2,4.3,5.9,6.6,5.8,5.8
170,Özlüce,4+1,137.4,1,1,5,28110.0,4.7,7.7,4.2,7.0,7.2,5.9,5.6
171,Özlüce,2+1,81.1,1,1,9,17630.0,7.0,9.7,5.0,8.8,6.0,6.0,4.4
172,Özlüce,3+1,110.7,17,4,9,14900.0,6.5,9.1,4.4,6.9,7.4,6.2,6.9
173,Özlüce,3+1,119.7,0,10,10,17990.0,6.0,8.9,3.6,8.1,7.3,7.0,4.2
174,Özlüce,4+1,147.9,3,3,8,21190.0,5.7,9.0,3.8,5.8,6.7,6.4,5.1
175,Özlüce,1+1,56.8,23,3,5,7850.0,6.7,9.7,3.7,7.1,7.6,7.4,6.6
176,Özlüce,2+1,84.1,1,7,9,15620.0,5.0,7.2,4.1,5.9,7.1,5.9,4.0
177,Özlüce,2+1,70.9,38,2,9,11900.0,6.4,9.6,3.1,5.5,7.9,5.9,4.1
178,Özlüce,2+1,92.2,13,0,3,14680.0,7.8,8.0,2.9,7.3,7.3,6.1,3.6
179,Özlüce,2+1,71.1,0,8,11,11830.0,5.9,9.8,2.1,7.3,6.3,6.7,5.2
180,Özlüce,4+1,155.9,25,8,8,20130.0,6.2,8.8,4.4,7.1,7.4,6.4,3.3
181,Özlüce,4+1,167.2,0,0,11,34170.0,7.4,9.2,1.5,5.5,8.1,6.1,3.2
182,Özlüce,2+1,84.5,3,4,5,16090.0,6.7,9.4,4.6,8.3,7.6,5.4,5.4
183,Özlüce,2+1,71.7,10,3,11,13980.0,7.4,12.1,3.4,6.1,6.8,6.2,4.2
184,Özlüce,3+1,107.0,9,4,9,17410.0,8.9,9.0,5.0,6.7,7.5,6.7,6.2
185,Özlüce,4+1,166.0,10,8,11,27410.0,6.6,11.7,3.8,6.8,7.8,7.3,5.0
186,Özlüce,1+1,52.3,4,9,10,11220.0,6.3,10.2,3.3,5.3,7.2,6.5,4.6
187,Özlüce,2+1,89.1,28,0,5,13720.0,7.3,10.8,3.8,4.9,6.9,7.1,4.1
188,Özlüce,3+1,107.7,2,0,7,21860.0,7.0,9.7,4.0,6.7,6.3,5.0,5.1
189,Özlüce,2+1,77.4,5,7,7,16610.0,4.5,8.6,4.4,8.5,7.9,7.3,4.7
190,Özlüce,2+1,71.7,8,1,9,12170.0,5.8,10.9,3.7,4.5,7.3,6.0,5.0
191,Özlüce,4+1,161.5,23,8,11,19280.0,5.2,9.8,3.5,5.2,7.4,7.3,5.0
192,Özlüce,4+1,169.9,0,0,3,33480.0,4.7,7.6,3.6,6.4,6.6,6.9,4.6
193,Özlüce,4+1,160.2,2,4,5,26730.0,3.5,9.3,3.7,4.6,6.7,5.9,6.4
194,Özlüce,3+1,106.7,27,9,11,17200.0,4.9,8.2,4.5,4.6,5.9,6.3,6.4
195,Özlüce,2+1,71.3,1,1,6,16790.0,5.1,9.0,5.5,5.3,7.6,5.8,5.1
196,Özlüce,2+1,89.3,5,0,8,12880.0,4.5,9.3,4.8,6.4,7.0,6.9,4.1
197,Özlüce,2+1,75.3,12,4,9,12020.0,5.3,9.9,4.7,6.1,6.8,6.9,4.3
198,Özlüce,2+1,83.3,8,5,10,13510.0,3.2,6.7,3.0,5.4,6.9,5.7,4.4
199,Özlüce,2+1,75.4,5,3,6,14690.0,6.0,8.4,3.7,6.8,7.4,5.9,5.0
200,Özlüce,2+1,85.5,9,5,7,14290.0,8.7,7.9,4.2,6.5,6.9,6.4,5.1
201,Özlüce,2+1,80.9,8,2,10,14540.0,6.0,10.0,3.4,7.1,6.5,7.3,7.0
202,Özlüce,3+1,119.3,7,1,5,24200.0,6.8,9.3,4.8,6.9,7.7,7.1,6.4
203,Özlüce,2+1,82.9,4,2,5,14030.0,8.6,9.3,4.6,6.6,6.6,6.5,6.3
204,Özlüce,2+1,83.6,7,4,5,17940.0,5.7,6.8,5.5,7.0,7.0,6.2,6.0
205,Özlüce,1+1,48.3,4,1,3,9070.0,6.2,8.8,4.8,5.8,6.0,6.9,5.6
206,Özlüce,1+1,64.0,1,7,10,13180.0,5.9,8.4,3.8,8.1,6.0,6.8,3.5
207,Özlüce,3+1,126.6,24,3,7,19130.0,5.4,6.5,4.7,7.6,7.9,6.8,5.0
208,Özlüce,2+1,94.0,2,8,8,15520.0,6.3,9.5,2.6,6.9,8.4,6.9,6.3
209,Özlüce,1+1,62.8,12,5,9,9470.0,4.6,10.5,5.1,5.7,7.6,6.4,5.3
210,Özlüce,3+1,125.9,2,9,10,27410.0,6.5,9.7,3.3,8.2,7.3,7.0,3.6
211,Özlüce,2+1,81.3,9,1,4,10830.0,7.6,8.3,5.1,6.4,7.1,7.3,4.2
212,Özlüce,1+1,61.1,10,0,8,8780.0,3.5,10.0,3.5,6.2,5.9,6.0,5.0
213,Özlüce,2+1,81.8,9,7,9,12980.0,5.0,10.8,4.2,6.1,6.9,7.4,6.3
214,Özlüce,1+1,58.4,2,4,7,9590.0,5.9,9.0,4.9,7.5,6.8,6.4,5.6
215,Özlüce,3+1,120.7,2,1,3,19850.0,4.6,10.7,3.9,7.8,6.7,6.7,7.2
216,Özlüce,2+1,76.2,3,1,10,16210.0,4.8,9.0,3.5,6.7,6.4,6.4,5.4
217,Özlüce,1+1,52.1,5,1,6,7790.0,5.4,9.1,3.7,6.3,7.0,6.0,5.6
218,Özlüce,1+1,51.7,14,4,8,8200.0,6.5,10.9,4.4,5.1,7.3,7.4,4.8
219,Özlüce,2+1,79.0,10,1,4,13740.0,3.4,8.7,5.0,5.0,6.2,5.8,4.9
220,Özlüce,1+1,61.0,21,5,7,9690.0,6.2,9.5,3.3,7.2,6.3,7.1,6.1
221,Özlüce,3+1,113.4,11,3,3,12590.0,6.5,8.9,4.0,7.1,7.0,5.7,4.9
222,Özlüce,1+1,55.3,0,1,7,11810.0,4.4,9.2,5.0,5.1,7.1,6.1,4.7
223,Özlüce,2+1,93.4,2,6,7,14750.0,4.2,7.4,5.4,6.1,7.0,6.2,4.2
224,Özlüce,2+1,89.3,1,4,7,15110.0,3.3,10.2,4.9,7.3,6.7,6.4,5.7
225,Özlüce,2+1,71.0,1,4,7,13540.0,7.6,7.6,4.5,6.8,7.5,7.1,4.4
226,Özlüce,1+1,64.6,3,1,3,11130.0,5.0,6.8,5.4,7.2,7.5,7.2,5.5
227,Özlüce,3+1,119.3,11,2,7,26550.0,6.8,8.4,4.4,5.7,7.9,6.0,5.5
228,Özlüce,3+1,107.0,0,3,3,20350.0,5.9,8.3,3.6,7.7,6.9,5.9,4.5
229,Özlüce,1+1,53.6,16,1,3,9140.0,5.6,9.7,3.5,6.3,7.6,7.1,4.1
230,Özlüce,1+1,63.6,0,6,9,9310.0,6.4,7.3,3.5,6.2,6.7,6.1,5.0
231,Özlüce,4+1,140.7,0,3,5,29140.0,7.3,7.2,4.2,7.0,6.4,6.5,4.9
232,Özlüce,2+1,94.5,5,5,8,22170.0,4.6,10.2,4.8,5.7,7.3,6.4,5.5
233,Özlüce,1+1,48.0,3,5,5,9460.0,7.1,8.2,3.2,6.0,6.6,7.1,5.9
234,Özlüce,1+1,48.1,0,5,5,9410.0,4.8,10.9,4.0,6.6,6.8,5.9,3.7
235,Özlüce,3+1,120.5,10,2,7,17920.0,4.1,9.6,5.2,6.6,7.3,5.2,4.4
236,Özlüce,3+1,102.6,1,0,8,14100.0,4.0,8.4,3.3,6.8,7.2,7.1,5.7
237,Özlüce,2+1,93.9,26,1,11,14020.0,6.2,8.5,3.7,5.8,7.3,6.4,4.4
238,Özlüce,4+1,168.9,1,5,9,32080.0,4.7,10.0,3.6,5.4,7.6,6.1,4.6
239,Özlüce,2+1,73.2,15,6,11,10120.0,6.8,8.4,5.5,6.5,5.7,6.8,6.8
240,Özlüce,2+1,85.2,1,2,9,17770.0,4.9,9.3,3.0,6.0,6.6,7.1,5.7
241,Özlüce,2+1,84.1,5,7,10,13820.0,7.3,10.4,4.8,5.9,5.4,5.3,6.3
242,Özlüce,2+1,89.4,18,0,7,16040.0,6.0,8.6,3.9,6.7,8.0,6.8,5.7
243,Özlüce,1+1,64.0,0,2,8,11720.0,2.2,6.4,3.2,6.9,7.1,6.6,6.8
244,Özlüce,1+1,57.0,12,6,7,8700.0,6.0,7.1,5.1,6.0,8.2,6.5,5.9
245,Özlüce,2+1,85.9,11,5,5,14730.0,6.5,8.1,3.9,6.0,8.4,6.4,6.4
246,Özlüce,3+1,119.5,10,5,8,19330.0,6.3,10.9,4.2,7.6,7.4,7.6,4.9
247,Özlüce,1+1,52.5,7,4,11,7930.0,9.5,10.0,3.7,7.5,7.4,7.9,3.6
248,Özlüce,2+1,92.7,5,2,3,18860.0,5.6,9.9,5.9,6.2,6.7,6.6,5.9
249,Özlüce,2+1,75.1,2,5,9,14630.0,2.9,7.5,5.2,6.8,6.5,6.4,5.0
250,Özlüce,2+1,93.8,2,3,3,18040.0,5.9,9.7,3.0,6.8,7.7,6.8,5.1
251,Özlüce,3+1,107.7,8,5,8,21660.0,5.8,7.9,3.6,6.7,6.8,6.8,5.5
252,Özlüce,3+1,109.9,1,0,3,18360.0,4.6,8.9,3.6,5.6,6.7,6.2,4.4
253,Özlüce,3+1,101.3,10,6,7,22460.0,6.3,8.7,4.0,6.7,7.3,8.0,4.2
254,Özlüce,1+1,61.5,5,2,3,12140.0,7.9,8.0,4.0,5.1,6.2,7.2,4.6
255,Özlüce,2+1,78.3,0,0,10,14040.0,7.1,7.6,3.3,6.6,7.6,7.4,4.4
256,Özlüce,2+1,72.4,1,0,7,11770.0,8.0,8.2,5.6,7.0,6.4,6.1,5.7
257,Özlüce,1+1,52.3,0,2,3,10840.0,6.2,7.4,3.3,6.7,7.7,7.6,5.7
258,Özlüce,1+1,47.9,7,1,5,8300.0,4.8,7.5,4.3,6.6,7.4,6.9,5.2
259,Özlüce,1+1,63.6,3,5,5,10710.0,6.6,9.8,3.5,6.5,6.6,6.1,4.0
260,Özlüce,2+1,78.8,6,9,11,17400.0,5.7,12.6,3.8,6.7,6.8,6.8,5.8
261,Özlüce,2+1,89.0,19,0,4,14140.0,4.6,9.5,3.9,6.0,6.5,8.4,4.8
262,Özlüce,1+1,47.0,7,0,3,8850.0,6.8,9.8,3.5,6.8,6.5,6.1,4.2
263,Özlüce,3+1,103.4,5,2,5,20860.0,6.1,9.9,2.6,7.2,7.1,6.9,5.3
264,Özlüce,4+1,163.1,0,3,10,33100.0,7.0,7.4,3.2,5.9,6.8,5.5,3.7
265,Özlüce,1+1,48.8,0,6,6,9140.0,7.6,7.4,3.8,7.3,6.7,6.1,6.0
266,Özlüce,4+1,153.7,8,1,11,25760.0,6.7,9.4,4.8,6.1,7.0,6.5,5.6
267,Özlüce,1+1,46.8,1,2,7,7410.0,7.8,11.7,4.8,7.6,7.1,5.3,3.3
268,Özlüce,4+1,135.9,29,2,7,18200.0,6.9,7.3,3.6,7.7,6.4,7.1,4.6
269,Özlüce,4+1,154.1,14,2,6,27930.0,4.3,10.3,3.3,6.7,7.2,6.8,5.3
270,Özlüce,1+1,61.0,11,4,4,10550.0,7.7,8.9,2.9,7.3,6.8,6.7,4.4
271,Özlüce,3+1,111.0,1,3,6,21150.0,4.4,9.4,5.3,6.1,7.2,4.6,5.0
272,Özlüce,4+1,158.5,36,2,4,20260.0,5.7,8.5,2.5,5.6,7.6,5.0,4.3
273,Özlüce,4+1,154.6,12,6,8,24120.0,8.0,8.1,4.8,5.4,7.6,6.2,4.1
274,Özlüce,4+1,157.7,3,3,6,30990.0,5.1,9.7,4.4,6.5,6.7,6.6,5.5
275,Özlüce,2+1,81.4,8,1,3,19500.0,6.8,9.6,4.6,5.7,6.7,6.1,5.6
276,Özlüce,1+1,50.4,2,4,6,10350.0,5.8,8.2,4.9,7.1,6.0,6.3,5.1
277,Özlüce,3+1,102.1,2,3,6,20340.0,6.1,8.2,3.8,6.5,7.0,5.2,4.6
278,Özlüce,2+1,73.3,10,0,7,13280.0,4.4,7.0,3.7,7.1,8.0,7.0,3.7
279,Özlüce,2+1,86.5,0,1,6,17490.0,4.6,9.1,4.3,7.2,6.5,6.3,2.6
280,Özlüce,2+1,76.2,0,2,4,12710.0,6.2,8.9,2.2,6.7,6.4,6.8,3.8
281,Özlüce,2+1,92.0,9,2,3,16140.0,5.6,7.2,2.8,6.0,7.0,6.1,5.6
282,Özlüce,1+1,60.6,18,4,4,9700.0,6.5,11.3,3.5,6.4,7.3,6.5,4.5
283,Özlüce,3+1,118.6,5,2,7,16970.0,4.8,7.7,4.5,7.0,6.5,6.3,3.3
284,Özlüce,1+1,63.2,7,3,5,10210.0,7.6,7.2,3.0,7.1,8.0,6.8,5.0
285,Özlüce,3+1,125.7,28,0,6,16450.0,4.3,9.1,4.1,7.3,7.1,7.4,5.0
286,Özlüce,3+1,119.3,6,2,3,28510.0,6.6,9.5,4.4,8.0,7.5,5.4,6.3
287,Özlüce,2+1,93.0,12,7,11,16530.0,5.0,9.1,3.8,8.0,8.2,6.5,5.1
288,Özlüce,2+1,80.8,2,1,11,14290.0,7.5,8.4,4.0,5.2,7.4,7.9,5.6
289,Özlüce,2+1,75.7,6,1,10,11990.0,5.7,9.9,4.1,5.4,6.2,5.5,5.4
290,Özlüce,4+1,169.9,2,5,5,37030.0,7.4,7.1,3.8,7.4,7.3,5.6,5.5
291,Özlüce,3+1,118.7,20,5,7,18080.0,5.3,10.1,4.8,7.5,7.5,7.3,5.7
292,Özlüce,2+1,77.7,1,1,11,12480.0,4.6,8.7,4.2,7.7,7.0,7.2,6.0
293,Özlüce,1+1,60.3,2,3,8,13010.0,7.0,7.6,4.1,7.8,6.9,6.8,5.5
294,Özlüce,1+1,51.6,11,0,7,8060.0,7.6,9.4,3.8,6.9,7.0,6.5,5.6
295,Özlüce,2+1,93.4,0,1,7,14370.0,4.6,10.9,4.3,5.4,6.1,6.4,6.4
296,Özlüce,4+1,159.3,8,1,6,29420.0,4.0,10.1,3.7,7.2,6.5,6.6,5.3
297,Özlüce,3+1,126.6,1,7,11,21950.0,8.4,10.3,3.4,7.0,6.6,5.7,5.9
298,Özlüce,1+1,49.3,12,4,7,8040.0,6.6,9.7,3.3,7.1,7.1,5.6,4.8
299,Özlüce,3+1,107.4,13,2,9,15220.0,6.7,10.0,4.6,7.1,7.2,6.4,4.5
300,Özlüce,2+1,75.3,2,7,7,14960.0,4.0,9.8,5.6,6.6,7.0,6.7,6.8
301,Beşevler,2+1,85.7,6,0,8,21960.0,3.0,5.4,1.7,5.4,6.5,8.9,8.5
302,Beşevler,2+1,80.3,6,1,5,15860.0,5.9,5.7,2.5,5.9,8.0,8.3,5.6
303,Beşevler,2+1,85.2,27,6,11,12120.0,4.6,3.9,2.6,6.6,7.7,8.9,5.9
304,Beşevler,3+1,118.1,5,5,6,28680.0,5.1,5.5,1.9,6.3,7.8,9.3,5.2
305,Beşevler,3+1,109.7,7,1,3,18160.0,4.6,3.8,2.2,7.1,8.6,7.6,5.7
306,Beşevler,2+1,70.0,15,0,4,12910.0,6.3,5.6,3.6,4.8,7.4,7.3,5.1
307,Beşevler,2+1,93.2,8,1,7,17950.0,3.7,6.4,3.8,3.9,7.0,8.6,5.9
308,Beşevler,2+1,74.8,1,8,9,15960.0,3.6,7.4,2.4,5.9,7.6,9.6,5.7
309,Beşevler,1+1,54.5,12,2,5,10750.0,3.5,5.7,3.7,6.2,7.6,7.7,5.1
310,Beşevler,3+1,110.4,9,0,3,27070.0,4.4,6.7,2.9,5.7,7.4,7.5,5.9
311,Beşevler,1+1,45.7,4,1,3,7270.0,3.9,9.3,3.7,5.4,7.9,8.0,4.8
312,Beşevler,2+1,74.4,13,1,5,12840.0,4.0,5.5,3.3,5.0,7.9,7.7,7.5
313,Beşevler,2+1,84.8,11,4,4,20830.0,4.5,6.7,3.0,5.2,7.2,7.7,4.8
314,Beşevler,1+1,55.0,2,2,4,12860.0,2.0,6.4,2.6,7.1,7.7,9.4,5.3
315,Beşevler,1+1,47.8,2,7,11,10430.0,2.9,4.5,1.9,4.1,6.9,8.9,4.6
316,Beşevler,2+1,94.8,9,0,9,21410.0,1.7,5.7,1.7,8.0,6.5,7.8,5.1
317,Beşevler,4+1,147.5,12,1,6,28150.0,2.0,3.3,2.8,5.7,7.1,8.7,6.4
318,Beşevler,2+1,93.2,1,3,6,22930.0,4.0,7.1,3.6,4.9,6.6,8.0,5.0
319,Beşevler,2+1,92.6,1,5,5,22080.0,4.3,7.4,3.4,6.1,8.4,8.6,5.7
320,Beşevler,1+1,47.5,5,2,8,11910.0,3.9,7.6,1.4,6.0,7.5,8.0,8.1
321,Beşevler,2+1,76.5,6,1,6,18500.0,1.0,5.1,3.8,5.5,7.0,9.4,7.2
322,Beşevler,1+1,50.9,4,1,4,10150.0,2.5,4.7,2.5,5.2,6.6,8.7,6.2
323,Beşevler,2+1,87.4,6,1,10,19600.0,3.6,6.9,3.6,6.3,7.3,8.2,4.8
324,Beşevler,3+1,104.7,7,1,4,23570.0,5.8,4.9,3.2,5.2,7.3,8.0,6.5
325,Beşevler,2+1,74.5,1,7,9,15630.0,2.1,6.3,3.7,6.2,8.8,9.5,5.7
326,Beşevler,2+1,77.4,16,3,6,17040.0,4.5,6.3,3.5,7.4,7.6,8.4,7.4
327,Beşevler,1+1,61.6,31,4,8,10140.0,4.5,4.4,1.8,5.3,6.9,8.0,6.6
328,Beşevler,1+1,62.7,10,6,6,12270.0,4.9,6.7,2.4,6.1,8.8,8.5,5.4
329,Beşevler,2+1,82.8,4,0,6,18200.0,1.8,4.8,2.9,5.9,7.2,8.4,6.1
330,Beşevler,3+1,114.2,1,0,3,24320.0,4.9,6.5,3.7,6.6,7.9,8.4,6.2
331,Beşevler,1+1,46.4,8,1,5,10040.0,4.6,5.0,2.9,5.9,6.2,8.3,5.9
332,Beşevler,2+1,83.4,7,10,10,16080.0,0.1,5.4,2.7,5.6,8.2,9.1,6.1
333,Beşevler,3+1,127.0,10,1,9,23700.0,1.4,5.5,3.6,7.8,7.5,8.0,4.9
334,Beşevler,1+1,46.6,32,6,11,8240.0,4.7,5.7,3.5,6.1,7.0,9.8,5.7
335,Beşevler,1+1,61.1,0,2,3,16540.0,4.0,6.7,3.4,5.5,7.8,7.9,5.5
336,Beşevler,2+1,81.2,1,5,8,16870.0,3.0,6.9,2.2,6.3,7.9,8.4,6.9
337,Beşevler,3+1,104.6,6,7,8,25370.0,2.9,6.4,2.9,5.2,7.1,9.5,6.2
338,Beşevler,2+1,71.7,2,3,7,22850.0,4.4,5.5,4.1,4.5,7.6,9.9,5.9
339,Beşevler,3+1,125.6,0,2,11,30200.0,2.7,5.2,2.6,6.3,8.3,9.2,6.4
340,Beşevler,3+1,114.0,40,3,11,15380.0,3.7,6.4,2.1,5.2,7.4,8.9,7.0
341,Beşevler,3+1,123.8,17,7,7,21130.0,2.9,4.7,2.6,6.3,7.7,7.0,5.3
342,Beşevler,4+1,159.5,0,4,11,47060.0,4.0,6.5,3.3,5.7,7.1,10.0,6.9
343,Beşevler,3+1,102.5,1,0,4,26930.0,2.7,6.3,1.7,4.4,7.7,7.9,4.2
344,Beşevler,3+1,121.4,0,0,4,30900.0,5.7,5.6,3.0,6.2,7.8,8.4,5.9
345,Beşevler,3+1,118.6,15,8,10,27970.0,3.4,7.9,3.4,8.6,6.8,8.0,6.4
346,Beşevler,3+1,101.8,2,5,6,25430.0,5.7,6.8,2.2,7.1,8.2,8.9,6.2
347,Beşevler,3+1,100.7,2,7,8,22790.0,2.7,4.7,2.4,6.2,7.5,8.7,6.5
348,Beşevler,4+1,141.4,1,6,9,30520.0,4.7,3.8,2.4,6.8,6.5,9.3,7.4
349,Beşevler,2+1,83.5,9,11,11,16510.0,5.3,5.2,2.6,5.4,7.7,9.3,5.8
350,Beşevler,2+1,74.1,11,0,4,18540.0,4.6,5.5,3.6,5.8,7.3,7.8,7.3
351,Beşevler,2+1,91.1,25,2,7,14930.0,6.5,5.1,2.5,5.9,7.7,8.2,4.6
352,Beşevler,3+1,113.2,1,5,6,27160.0,3.6,5.2,4.3,5.8,7.2,9.3,5.3
353,Beşevler,2+1,93.0,1,6,6,21830.0,7.1,6.4,1.1,6.3,7.5,8.5,6.2
354,Beşevler,3+1,100.1,8,1,5,19800.0,2.6,9.6,2.4,6.1,6.6,8.6,5.2
355,Beşevler,3+1,100.9,3,9,10,24050.0,1.3,8.2,2.0,7.2,8.1,8.9,5.2
356,Beşevler,4+1,136.4,1,4,4,30130.0,0.9,7.3,2.9,5.6,7.2,8.8,5.2
357,Beşevler,1+1,64.5,10,7,11,13030.0,2.3,6.1,1.8,5.2,7.0,9.1,5.7
358,Beşevler,3+1,109.8,9,1,8,23920.0,3.4,5.3,1.3,6.8,7.8,8.4,5.9
359,Beşevler,3+1,101.2,9,3,4,18300.0,6.7,7.1,1.2,4.8,7.4,8.2,4.8
360,Beşevler,4+1,165.3,4,4,5,33460.0,5.1,5.5,2.8,6.5,6.5,9.6,6.2
361,Beşevler,4+1,147.5,8,1,3,26860.0,4.4,6.1,2.6,5.2,6.7,8.5,5.6
362,Beşevler,2+1,80.3,3,5,6,20640.0,3.2,6.3,3.0,4.6,8.4,8.4,6.7
363,Beşevler,2+1,77.5,4,2,11,19640.0,4.5,6.4,4.1,6.9,8.0,7.5,5.4
364,Beşevler,1+1,49.7,1,7,9,9430.0,3.7,4.2,3.0,4.7,7.8,8.8,7.7
365,Beşevler,4+1,136.7,0,6,6,26170.0,2.6,6.4,1.3,6.0,6.9,8.6,5.0
366,Beşevler,2+1,87.1,0,5,7,20050.0,2.8,5.7,1.9,6.3,7.9,10.0,5.4
367,Beşevler,3+1,108.2,14,0,3,22390.0,3.9,7.3,2.5,6.8,7.8,8.5,5.7
368,Beşevler,3+1,110.9,15,2,10,19730.0,6.7,7.1,2.5,6.4,7.7,8.1,6.7
369,Beşevler,2+1,86.8,2,2,3,20580.0,4.3,6.1,2.5,7.4,6.9,8.8,5.7
370,Beşevler,1+1,64.6,8,0,4,12070.0,4.5,4.4,2.6,4.3,7.6,8.1,4.7
371,Beşevler,1+1,62.1,8,1,9,12040.0,6.4,6.9,2.2,5.3,7.9,8.3,5.8
372,Beşevler,3+1,116.5,8,4,8,27470.0,5.2,5.8,2.8,4.6,6.9,8.7,5.9
373,Beşevler,2+1,76.8,1,2,8,17000.0,4.3,5.2,4.1,6.7,7.7,9.8,4.7
374,Beşevler,1+1,45.0,10,0,6,9660.0,2.3,6.8,3.8,6.2,6.4,7.8,6.5
375,Beşevler,3+1,103.8,1,3,8,27160.0,4.2,5.0,3.8,5.5,7.1,8.8,7.6
376,Beşevler,2+1,72.1,0,7,8,14080.0,5.0,5.1,3.3,5.8,7.8,8.6,3.2
377,Beşevler,3+1,104.0,0,9,10,21340.0,4.7,5.9,4.3,6.2,7.8,9.2,6.3
378,Beşevler,2+1,81.8,3,5,6,19910.0,3.5,7.0,3.1,7.0,7.3,8.8,6.5
379,Beşevler,1+1,53.9,2,4,10,11880.0,5.3,7.9,3.2,5.8,8.0,9.1,5.7
380,Beşevler,1+1,56.3,1,3,10,13970.0,4.1,5.9,3.4,5.9,7.6,7.8,7.2
381,Beşevler,2+1,78.4,14,1,5,19220.0,3.4,5.2,2.6,7.3,5.8,7.8,8.5
382,Beşevler,2+1,87.0,0,0,6,20180.0,5.3,8.2,3.3,5.6,8.0,8.0,5.1
383,Beşevler,3+1,118.5,10,1,11,21070.0,4.5,4.6,0.5,5.2,7.2,8.1,7.4
384,Beşevler,2+1,71.6,14,3,5,14100.0,2.7,5.9,2.4,6.1,7.4,7.8,6.9
385,Beşevler,2+1,87.7,35,2,5,13980.0,2.7,6.1,2.5,5.2,6.5,8.2,6.5
386,Beşevler,2+1,77.7,15,6,6,18570.0,2.8,2.9,2.6,6.4,7.6,8.7,7.2
387,Beşevler,2+1,77.9,0,2,11,15560.0,6.4,6.1,2.5,5.5,7.1,8.0,4.8
388,Beşevler,4+1,160.5,12,5,9,36810.0,4.4,6.3,2.4,5.9,7.7,9.0,5.9
389,Beşevler,1+1,49.7,1,6,11,10660.0,1.3,6.3,3.6,6.5,7.8,8.3,5.3
390,Beşevler,4+1,149.5,11,9,10,34670.0,2.7,5.3,4.3,6.7,7.3,8.7,6.1
391,Beşevler,2+1,73.1,9,3,3,14640.0,4.4,7.4,2.7,5.2,7.7,8.3,5.9
392,Beşevler,1+1,60.5,5,5,6,12610.0,4.0,5.1,3.7,6.7,7.5,8.3,5.9
393,Beşevler,1+1,55.1,4,1,5,12540.0,5.1,4.5,2.2,4.6,8.0,8.7,6.5
394,Beşevler,1+1,49.9,19,3,5,9480.0,5.3,4.8,2.6,6.1,9.2,8.7,7.4
395,Beşevler,3+1,118.1,2,1,10,31730.0,4.3,2.8,2.7,6.5,7.4,9.0,5.2
396,Beşevler,2+1,75.5,17,7,8,13810.0,5.8,5.0,3.3,6.1,6.6,7.6,6.0
397,Beşevler,2+1,73.0,15,1,7,8950.0,5.1,5.9,3.9,5.3,7.7,9.1,5.6
398,Beşevler,3+1,112.2,5,1,8,26120.0,4.0,7.2,2.6,4.9,8.7,8.1,5.5
399,Beşevler,2+1,88.9,2,7,8,20010.0,3.9,6.2,1.1,7.5,7.4,8.9,4.8
400,Beşevler,4+1,136.9,6,8,8,27510.0,5.1,5.2,2.6,5.8,8.3,7.2,4.8
401,Beşevler,4+1,143.3,32,2,8,18610.0,2.9,3.6,2.2,7.0,7.7,8.6,5.1
402,Beşevler,3+1,107.3,1,0,6,26980.0,5.4,6.8,2.4,6.0,7.3,8.4,7.8
403,Beşevler,3+1,117.5,4,1,3,21370.0,3.0,5.4,2.8,4.7,7.9,9.0,6.5
404,Beşevler,3+1,110.0,1,1,7,24040.0,7.2,6.1,2.0,6.1,6.7,7.7,5.1
405,Beşevler,2+1,74.2,3,4,11,17600.0,2.4,5.4,3.2,5.5,7.3,8.8,5.7
406,Beşevler,3+1,119.5,19,4,10,25420.0,4.8,4.2,2.1,5.3,7.0,8.4,6.6
407,Beşevler,1+1,57.0,3,8,8,9540.0,4.1,6.0,3.1,7.7,8.2,9.0,5.1
408,Beşevler,3+1,100.8,0,9,10,24570.0,4.5,4.7,4.0,6.1,6.5,8.5,6.3
409,Beşevler,4+1,143.4,2,1,4,33050.0,2.0,4.3,3.9,7.0,7.7,9.5,7.0
410,Beşevler,1+1,53.4,22,1,9,10200.0,3.4,5.2,3.2,4.7,7.9,7.8,6.3
411,Beşevler,3+1,109.1,1,4,4,24350.0,6.8,7.7,3.3,6.0,8.0,9.3,5.3
412,Beşevler,4+1,152.7,41,3,6,24820.0,0.8,6.7,2.3,5.5,7.9,8.7,5.6
413,Beşevler,1+1,53.3,5,4,11,10090.0,3.5,6.4,2.9,4.9,8.1,6.6,5.6
414,Beşevler,2+1,87.2,5,7,8,21640.0,2.9,6.7,3.2,4.6,8.6,7.5,6.4
415,Beşevler,4+1,145.1,14,8,9,31550.0,1.7,5.9,2.5,5.5,7.8,9.3,5.7
416,Beşevler,4+1,136.9,4,6,9,29290.0,3.6,5.2,3.3,6.2,6.5,7.3,6.4
417,Beşevler,1+1,64.5,4,2,11,12080.0,1.9,8.0,3.3,5.7,6.9,8.1,4.9
418,Beşevler,2+1,84.1,3,9,9,17860.0,2.4,5.5,0.9,5.9,7.4,9.1,4.3
419,Beşevler,3+1,114.2,0,0,3,26100.0,5.5,4.2,3.6,5.4,6.5,7.7,6.0
420,Beşevler,1+1,53.3,2,4,5,8950.0,6.1,7.1,2.2,6.0,8.1,8.8,6.1
421,Beşevler,2+1,71.2,1,0,8,16180.0,3.6,5.5,3.1,6.0,6.9,9.1,5.1
422,Beşevler,1+1,45.5,3,7,7,7560.0,5.3,5.2,4.0,5.6,7.5,9.8,5.8
423,Beşevler,1+1,51.9,18,2,4,9870.0,5.3,5.2,2.2,5.5,7.6,8.3,6.6
424,Beşevler,2+1,71.8,1,5,11,13540.0,7.0,6.4,3.4,4.9,7.5,8.9,5.8
425,Beşevler,3+1,103.7,1,3,6,20710.0,2.7,7.9,3.8,5.9,7.5,7.9,6.8
426,Beşevler,2+1,90.0,15,2,4,17200.0,3.6,6.0,3.6,7.3,7.9,9.1,5.8
427,Beşevler,3+1,108.8,2,3,11,20340.0,3.5,5.9,2.6,7.2,7.8,9.5,6.2
428,Beşevler,2+1,76.5,35,6,7,12330.0,1.9,5.4,2.7,6.3,7.8,8.1,6.4
429,Beşevler,2+1,92.1,7,0,5,22260.0,1.5,6.1,4.3,5.4,7.5,7.6,7.5
430,Beşevler,1+1,52.6,6,6,11,12280.0,2.7,5.2,3.4,5.5,6.2,8.5,4.7
431,Beşevler,1+1,47.2,10,4,8,8960.0,1.2,4.7,3.8,7.8,7.9,8.4,5.6
432,Beşevler,2+1,94.8,6,1,5,25700.0,6.1,3.9,2.5,5.5,7.5,8.5,8.7
433,Beşevler,1+1,48.7,2,2,6,10970.0,4.2,4.7,3.1,6.4,7.7,8.9,7.3
434,Beşevler,1+1,46.7,14,9,10,8580.0,3.7,6.3,2.6,5.3,6.8,7.3,5.8
435,Beşevler,1+1,59.9,2,1,7,11330.0,4.6,6.9,2.6,5.7,7.8,8.0,5.3
436,Beşevler,3+1,126.1,1,3,10,31890.0,1.0,7.6,3.3,6.8,7.7,8.5,5.8
437,Beşevler,2+1,86.3,10,5,5,14460.0,3.2,8.5,2.5,5.8,7.0,8.7,5.3
438,Beşevler,4+1,166.0,22,2,5,32590.0,5.2,7.3,3.1,8.6,8.1,8.7,5.2
439,Beşevler,3+1,107.7,2,1,4,28570.0,5.2,4.5,3.4,5.0,6.6,8.7,6.5
440,Beşevler,2+1,74.8,10,5,5,13650.0,3.8,4.2,1.4,6.6,7.0,9.1,7.0
441,Beşevler,1+1,58.8,0,5,7,10520.0,4.2,5.4,2.6,7.6,6.6,8.8,5.1
442,Beşevler,2+1,90.5,4,3,3,17710.0,2.9,7.1,4.4,6.4,7.0,8.7,8.2
443,Beşevler,1+1,52.7,12,7,9,10610.0,4.9,6.5,2.4,5.4,8.1,9.3,7.4
444,Beşevler,2+1,81.1,8,2,5,19940.0,5.1,4.8,2.2,6.4,7.4,8.5,7.0
445,Beşevler,2+1,90.5,10,5,5,19300.0,5.0,4.2,2.5,5.3,7.5,9.6,7.8
446,Beşevler,2+1,74.4,21,4,8,14140.0,4.6,6.4,4.4,6.9,6.9,9.1,6.8
447,Beşevler,2+1,71.4,22,3,4,13110.0,4.2,3.6,2.9,5.5,6.8,9.5,6.5
448,Beşevler,3+1,103.8,6,1,3,25120.0,2.8,6.0,3.7,4.5,7.5,8.2,5.9
449,Beşevler,3+1,104.3,28,6,8,16600.0,4.4,8.4,2.6,7.5,7.5,9.7,6.7
450,Beşevler,3+1,100.7,1,1,10,23140.0,5.3,6.0,2.7,5.8,8.1,9.4,5.4
451,Nilüfer,2+1,70.4,5,0,4,15880.0,8.4,6.9,3.6,7.8,7.3,6.9,2.5
452,Nilüfer,2+1,79.0,33,3,5,15030.0,8.4,5.6,3.4,8.8,9.0,8.2,4.8
453,Nilüfer,2+1,84.6,1,0,10,23240.0,6.6,6.8,3.6,7.7,8.3,7.1,3.3
454,Nilüfer,1+1,60.0,4,0,4,15780.0,5.5,6.1,3.9,8.6,7.3,7.4,4.7
455,Nilüfer,4+1,149.5,5,6,7,39680.0,9.2,6.9,3.8,7.1,7.5,8.2,4.8
456,Nilüfer,1+1,61.5,0,7,9,14910.0,8.7,6.8,2.7,7.6,8.1,8.2,4.9
457,Nilüfer,1+1,51.0,6,7,8,11390.0,7.9,6.6,4.9,8.6,8.4,7.8,4.4
458,Nilüfer,1+1,59.4,24,8,10,12060.0,8.2,8.1,2.9,7.0,8.9,8.0,4.1
459,Nilüfer,2+1,79.6,14,4,5,18800.0,11.3,7.2,4.0,6.2,7.7,8.4,4.9
460,Nilüfer,2+1,88.6,14,5,10,21420.0,10.4,4.6,4.7,5.3,8.6,7.5,2.4
461,Nilüfer,1+1,55.5,5,0,6,14680.0,6.9,4.8,4.1,8.9,8.7,6.1,3.1
462,Nilüfer,2+1,76.1,4,9,10,19890.0,5.4,7.9,4.0,7.1,7.9,6.1,4.2
463,Nilüfer,3+1,118.8,0,8,8,31780.0,7.1,7.3,4.3,7.4,8.2,7.4,3.9
464,Nilüfer,2+1,87.6,8,0,6,21030.0,7.0,6.6,3.1,6.2,8.2,7.7,5.3
465,Nilüfer,4+1,142.1,9,2,5,30080.0,6.0,4.9,4.7,8.6,8.4,6.9,6.1
466,Nilüfer,2+1,83.1,23,4,6,17960.0,10.8,7.3,3.2,7.0,6.9,7.3,5.5
467,Nilüfer,1+1,49.0,5,3,11,12420.0,9.0,7.5,3.6,6.9,8.5,5.3,4.8
468,Nilüfer,4+1,169.8,16,0,3,37050.0,6.8,8.2,3.9,7.6,8.5,7.5,7.4
469,Nilüfer,3+1,100.9,1,7,9,24280.0,9.2,5.4,1.8,7.5,8.8,7.5,4.2
470,Nilüfer,2+1,73.0,4,0,3,14320.0,9.2,7.9,4.4,8.0,8.4,7.9,5.3
471,Nilüfer,3+1,128.8,5,0,6,31320.0,8.1,7.4,4.4,8.4,7.5,7.7,3.7
472,Nilüfer,2+1,70.7,2,0,5,23220.0,8.3,6.3,5.0,7.2,8.1,7.2,6.0
473,Nilüfer,2+1,92.0,16,3,4,21510.0,7.4,8.3,5.5,7.8,8.1,7.6,5.7
474,Nilüfer,3+1,123.9,4,9,10,26540.0,6.7,6.9,4.9,7.9,7.5,7.0,5.7
475,Nilüfer,3+1,124.5,2,0,5,36010.0,6.0,7.5,5.3,7.7,7.5,7.8,4.1
476,Nilüfer,2+1,90.9,16,5,8,19110.0,6.9,5.8,3.4,7.1,7.4,8.8,4.9
477,Nilüfer,2+1,78.7,6,3,7,18280.0,7.9,6.7,3.9,7.8,7.8,6.6,4.6
478,Nilüfer,2+1,73.9,6,1,4,20150.0,11.3,6.5,3.1,6.6,8.1,7.6,3.8
479,Nilüfer,1+1,55.7,6,7,9,11280.0,6.6,6.7,3.5,7.9,8.9,8.0,5.4
480,Nilüfer,4+1,147.8,0,2,6,43090.0,9.1,7.8,2.3,6.8,7.8,8.0,4.5
481,Nilüfer,2+1,84.5,8,3,3,23140.0,5.9,7.6,3.0,6.2,7.8,8.4,4.9
482,Nilüfer,2+1,91.4,3,8,11,23550.0,7.5,5.5,4.4,7.1,7.6,8.4,5.5
483,Nilüfer,2+1,94.5,43,1,9,17070.0,8.7,8.9,3.8,9.1,8.5,7.3,5.2
484,Nilüfer,2+1,81.4,3,0,5,23450.0,7.5,6.7,4.0,8.8,8.3,7.8,4.5
485,Nilüfer,2+1,89.5,2,4,10,27500.0,7.1,7.1,2.8,8.1,8.8,8.6,4.7
486,Nilüfer,4+1,136.3,5,5,8,34940.0,7.6,7.2,3.9,7.3,7.9,8.7,6.9
487,Nilüfer,2+1,82.2,1,1,3,20890.0,8.8,7.7,3.6,7.9,7.6,7.3,4.5
488,Nilüfer,3+1,110.7,3,3,3,30490.0,7.9,7.7,2.0,6.3,8.4,5.6,5.6
489,Nilüfer,2+1,78.7,1,0,9,22810.0,12.3,4.3,4.1,6.1,8.3,7.4,4.6
490,Nilüfer,2+1,83.8,2,6,7,24540.0,6.9,5.3,4.8,7.4,9.1,8.4,3.8
491,Nilüfer,1+1,52.7,3,4,4,13980.0,7.8,6.8,3.5,8.5,8.0,7.2,4.0
492,Nilüfer,2+1,87.2,2,0,11,26210.0,7.2,7.8,1.5,8.0,7.9,7.2,4.7
493,Nilüfer,1+1,51.6,5,5,5,13110.0,7.0,5.8,2.3,7.7,9.0,7.6,3.3
494,Nilüfer,3+1,119.5,22,3,9,26000.0,3.0,7.7,2.7,6.4,7.9,7.8,3.0
495,Nilüfer,3+1,113.5,0,0,5,26450.0,6.0,8.2,2.3,8.4,7.9,7.4,3.0
496,Nilüfer,2+1,81.5,2,2,3,17440.0,8.2,7.1,3.0,8.2,6.7,7.7,6.0
497,Nilüfer,2+1,79.3,3,0,3,18470.0,7.0,7.7,2.9,8.1,9.3,7.5,3.3
498,Nilüfer,3+1,118.3,1,0,4,33660.0,6.7,8.0,3.4,6.9,7.8,6.7,6.3
499,Nilüfer,1+1,55.1,2,3,5,15130.0,6.7,5.7,3.3,8.4,7.7,6.9,4.6
500,Nilüfer,4+1,161.2,5,5,8,47680.0,8.0,7.8,4.1,6.6,7.4,6.7,3.3
501,Nilüfer,2+1,84.1,0,4,8,15070.0,10.6,5.9,5.1,6.3,7.5,6.0,4.8
502,Nilüfer,1+1,49.5,3,0,3,13650.0,8.6,9.2,3.0,7.7,7.2,7.3,4.0
503,Nilüfer,1+1,48.3,2,5,5,11070.0,9.0,6.9,3.2,6.9,7.7,8.7,4.8
504,Nilüfer,4+1,167.2,21,1,10,39720.0,6.4,6.7,3.3,7.6,7.6,7.8,5.8
505,Nilüfer,1+1,46.5,5,0,7,10880.0,10.5,8.2,4.3,7.3,7.8,6.5,5.2
506,Nilüfer,3+1,119.7,17,0,6,25180.0,7.3,7.2,4.2,6.3,8.4,7.5,3.5
507,Nilüfer,1+1,51.7,15,5,7,13720.0,8.0,9.4,3.5,8.3,7.7,7.1,3.9
508,Nilüfer,1+1,64.3,3,5,11,15640.0,6.5,6.0,2.6,7.3,9.1,9.0,3.0
509,Nilüfer,3+1,104.7,15,3,3,23940.0,6.5,7.1,3.1,8.8,8.3,8.0,2.1
510,Nilüfer,1+1,52.6,13,0,5,9260.0,7.0,5.6,4.9,7.7,7.5,7.5,2.2
511,Nilüfer,1+1,59.9,8,2,5,10990.0,6.9,8.2,2.3,7.7,8.0,8.7,4.3
512,Nilüfer,2+1,85.9,8,5,6,20010.0,6.8,6.8,4.2,7.9,7.6,7.6,5.8
513,Nilüfer,3+1,110.4,1,6,11,28210.0,5.1,8.7,2.9,8.3,7.6,7.1,5.6
514,Nilüfer,2+1,87.6,0,1,8,21990.0,7.5,6.2,4.2,6.9,8.9,7.3,4.5
515,Nilüfer,1+1,48.5,7,2,7,11680.0,8.8,6.2,3.4,7.5,8.5,7.4,6.1
516,Nilüfer,4+1,161.6,8,1,7,32540.0,5.9,6.4,4.4,7.5,7.7,8.4,5.9
517,Nilüfer,3+1,128.9,1,5,7,40390.0,7.9,6.7,4.1,8.3,7.7,7.7,5.3
518,Nilüfer,3+1,106.1,11,6,8,21650.0,6.7,7.6,3.2,7.0,8.0,6.7,4.9
519,Nilüfer,3+1,114.0,0,4,11,30970.0,4.5,7.6,6.0,7.4,7.9,8.0,6.0
520,Nilüfer,3+1,117.3,3,9,9,38700.0,8.4,5.6,3.7,6.5,8.7,6.8,4.6
521,Nilüfer,2+1,77.4,1,5,11,20170.0,6.7,5.6,2.0,6.5,8.1,8.2,4.0
522,Nilüfer,2+1,88.5,12,2,9,17620.0,9.0,9.5,2.1,7.2,8.8,6.5,5.0
523,Nilüfer,3+1,103.5,3,9,11,27810.0,10.1,9.3,3.5,7.1,7.4,8.2,3.3
524,Nilüfer,3+1,126.7,7,2,3,31650.0,11.3,6.9,3.2,8.3,8.1,8.5,4.6
525,Nilüfer,4+1,150.5,3,1,4,29590.0,8.1,5.4,4.5,7.5,7.9,6.9,5.1
526,Nilüfer,2+1,71.2,3,6,10,18710.0,7.1,7.8,3.5,7.8,7.5,8.9,4.0
527,Nilüfer,2+1,75.3,5,3,3,20230.0,9.2,6.0,4.4,9.0,7.8,7.5,4.0
528,Nilüfer,2+1,76.9,0,3,7,21480.0,10.7,6.5,3.6,7.0,8.1,6.3,5.1
529,Nilüfer,2+1,82.9,4,3,3,18480.0,8.6,5.6,3.9,9.2,8.9,6.4,4.0
530,Nilüfer,2+1,74.0,7,5,6,18720.0,7.5,9.3,3.3,8.4,7.2,6.8,5.1
531,Nilüfer,3+1,120.7,6,5,9,24610.0,7.2,8.0,3.2,7.3,7.3,7.0,6.1
532,Nilüfer,2+1,88.9,17,3,3,15510.0,6.0,8.6,3.4,9.0,7.9,7.5,5.1
533,Nilüfer,1+1,62.3,1,2,9,18890.0,8.9,5.6,4.5,7.3,7.5,7.6,4.3
534,Nilüfer,2+1,72.9,7,1,6,19520.0,9.1,7.9,4.6,8.0,8.1,8.4,4.4
535,Nilüfer,2+1,82.7,1,4,4,21280.0,6.8,8.8,4.1,7.8,7.8,7.7,4.5
536,Nilüfer,4+1,150.0,0,4,4,37240.0,8.9,8.5,4.3,7.3,8.5,7.6,3.4
537,Nilüfer,2+1,89.8,3,0,7,26610.0,8.6,7.3,3.6,6.7,7.0,6.9,4.5
538,Nilüfer,2+1,72.5,0,0,5,18360.0,6.5,6.6,4.9,8.0,7.7,7.5,4.5
539,Nilüfer,2+1,85.0,17,6,7,17420.0,5.9,6.9,3.6,5.9,8.0,8.1,4.9
540,Nilüfer,2+1,81.9,5,9,10,27030.0,8.6,7.2,4.3,7.1,8.1,7.0,4.9
541,Nilüfer,1+1,45.7,2,5,8,11460.0,4.6,5.3,2.6,6.8,8.2,7.7,5.5
542,Nilüfer,3+1,114.3,6,0,9,28630.0,9.1,8.1,3.8,8.5,6.6,7.3,4.2
543,Nilüfer,4+1,143.2,15,7,7,37000.0,5.7,5.6,3.3,7.2,7.1,8.0,5.1
544,Nilüfer,2+1,91.4,3,2,3,22970.0,10.0,3.6,2.7,7.5,7.3,7.3,4.4
545,Nilüfer,2+1,80.5,3,2,5,19720.0,6.8,6.8,3.5,6.1,8.3,7.2,5.6
546,Nilüfer,1+1,60.9,0,8,8,15130.0,5.6,6.2,4.5,8.7,7.3,7.2,4.4
547,Nilüfer,2+1,72.4,2,4,6,19520.0,4.6,6.5,3.6,7.8,7.9,7.2,5.3
548,Nilüfer,2+1,72.0,15,5,5,16650.0,10.1,7.9,4.5,7.0,7.7,7.3,4.4
549,Nilüfer,3+1,125.0,1,6,7,30990.0,8.5,7.3,4.1,6.4,7.9,7.5,5.1
550,Nilüfer,1+1,56.0,7,5,7,13430.0,7.6,9.0,4.0,7.6,8.0,8.3,4.0
551,Nilüfer,3+1,122.7,15,2,6,34970.0,8.1,6.2,3.4,7.9,7.8,7.1,3.9
552,Nilüfer,2+1,74.0,13,3,5,14050.0,7.6,6.8,3.2,7.7,8.4,8.0,5.0
553,Nilüfer,3+1,105.0,1,1,3,25110.0,7.5,6.1,3.6,6.7,7.0,8.1,4.1
554,Nilüfer,2+1,93.4,15,0,7,24050.0,6.9,6.7,4.4,6.1,9.2,9.2,2.1
555,Nilüfer,1+1,50.1,10,2,5,11150.0,8.7,6.9,2.8,7.4,8.3,6.7,3.0
556,Nilüfer,2+1,78.5,17,0,10,21880.0,6.9,7.7,4.9,8.0,7.1,6.5,4.1
557,Nilüfer,3+1,104.2,16,2,10,19790.0,9.7,9.2,3.3,7.9,7.3,7.9,4.1
558,Nilüfer,2+1,78.9,6,0,9,18520.0,8.9,6.1,4.9,6.4,9.0,6.8,4.5
559,Nilüfer,1+1,45.5,9,6,9,12710.0,9.3,6.5,3.6,6.9,7.4,6.7,4.1
560,Nilüfer,2+1,76.6,27,4,6,17190.0,9.2,6.3,2.4,7.9,6.6,8.3,4.3
561,Nilüfer,2+1,85.0,7,2,6,20320.0,7.0,5.4,4.0,8.0,9.1,8.2,4.0
562,Nilüfer,2+1,79.3,8,3,5,17190.0,9.7,7.6,3.8,7.3,8.4,7.5,4.2
563,Nilüfer,2+1,80.5,6,2,7,21090.0,7.4,7.6,3.1,6.5,9.0,8.6,5.3
564,Nilüfer,1+1,58.9,4,2,3,14090.0,6.6,9.2,3.5,8.9,7.2,7.9,6.4
565,Nilüfer,2+1,79.6,8,7,10,21500.0,6.3,6.9,2.5,8.7,8.7,7.5,3.5
566,Nilüfer,3+1,114.3,1,6,11,23200.0,6.5,5.3,3.0,8.1,7.8,7.7,3.8
567,Nilüfer,3+1,116.1,3,4,7,28060.0,8.1,5.1,4.7,7.1,8.6,7.4,5.1
568,Nilüfer,1+1,48.9,9,2,3,10520.0,8.7,6.5,3.8,7.1,8.0,6.7,4.7
569,Nilüfer,2+1,70.1,1,1,11,18340.0,6.6,6.8,2.7,9.4,8.6,7.7,5.6
570,Nilüfer,2+1,88.6,15,3,3,16330.0,7.1,7.2,4.2,6.6,8.2,7.5,4.8
571,Nilüfer,1+1,46.5,3,5,6,10610.0,8.6,6.9,3.2,8.0,7.8,5.6,1.7
572,Nilüfer,2+1,78.4,7,0,8,18280.0,10.3,7.0,2.5,7.2,8.0,6.8,6.0
573,Nilüfer,1+1,47.5,4,5,7,10010.0,9.8,7.1,3.3,7.9,7.6,7.6,3.2
574,Nilüfer,1+1,64.2,4,1,5,15650.0,7.3,5.5,4.1,6.8,7.7,7.5,4.6
575,Nilüfer,3+1,125.7,1,7,11,30890.0,7.2,7.2,3.4,6.7,8.0,8.2,3.6
576,Nilüfer,2+1,93.7,3,2,3,23370.0,6.2,7.1,2.5,6.7,7.1,6.8,5.7
577,Nilüfer,3+1,128.7,11,5,5,32490.0,6.0,7.0,3.5,9.4,8.4,7.1,5.1
578,Nilüfer,1+1,54.6,12,6,7,12140.0,6.9,6.6,2.5,8.6,7.1,7.4,5.4
579,Nilüfer,2+1,76.4,11,0,10,17190.0,6.4,7.2,2.4,8.2,8.1,7.6,5.8
580,Nilüfer,2+1,87.0,6,8,9,20770.0,7.4,6.0,1.9,7.1,8.2,7.6,5.6
581,Nilüfer,3+1,126.1,1,11,11,35430.0,10.1,9.2,4.3,8.1,7.9,7.5,4.2
582,Nilüfer,3+1,109.3,25,1,8,15290.0,10.1,6.7,3.9,8.7,8.2,8.5,3.4
583,Nilüfer,2+1,88.1,1,5,6,26550.0,5.7,6.7,4.7,6.0,8.3,7.9,6.3
584,Nilüfer,2+1,91.4,4,1,7,21590.0,5.7,5.7,3.8,6.6,8.4,7.0,3.4
585,Nilüfer,1+1,48.9,4,0,7,12260.0,8.5,8.3,3.3,6.7,8.0,7.8,3.2
586,Nilüfer,2+1,93.1,10,2,7,19790.0,8.6,5.1,2.2,7.2,7.9,6.5,4.0
587,Nilüfer,1+1,58.2,3,2,7,13510.0,9.7,7.6,2.9,7.6,8.1,8.4,4.0
588,Nilüfer,2+1,79.4,4,0,10,23350.0,9.4,7.2,3.3,7.9,7.9,8.7,4.6
589,Nilüfer,1+1,60.7,24,7,11,12800.0,6.3,8.3,2.5,7.6,8.7,6.0,6.3
590,Nilüfer,3+1,115.7,0,5,7,32710.0,7.9,8.2,3.9,8.9,8.3,8.9,5.3
591,Nilüfer,2+1,79.3,17,7,8,20200.0,7.5,8.3,2.9,8.0,7.8,8.6,4.9
592,Nilüfer,2+1,81.6,4,8,10,22730.0,7.0,7.1,4.4,5.7,8.4,7.3,3.7
593,Nilüfer,2+1,92.7,6,0,6,22290.0,8.8,8.0,3.4,6.9,7.6,8.1,4.5
594,Nilüfer,2+1,92.8,4,5,5,21650.0,8.0,8.5,2.5,7.5,7.9,7.8,5.6
595,Nilüfer,1+1,59.8,5,0,3,14440.0,7.3,7.5,3.8,8.0,8.3,6.8,5.4
596,Nilüfer,4+1,147.9,2,4,4,37160.0,7.8,5.6,3.2,6.4,8.4,7.6,3.0
597,Nilüfer,3+1,119.8,5,5,11,28200.0,6.3,6.1,3.1,7.5,8.1,7.4,4.1
598,Nilüfer,1+1,53.1,10,1,5,11580.0,12.4,7.5,2.4,8.2,7.5,8.1,4.3
599,Nilüfer,3+1,127.9,6,2,7,34910.0,8.2,6.5,4.0,8.5,8.1,8.8,5.3
600,Nilüfer,2+1,79.7,7,3,4,16380.0,7.4,7.3,3.2,7.8,8.0,8.0,5.1
601,Çekirge,2+1,88.6,3,5,9,24570.0,8.3,3.0,0.0,6.9,7.9,6.8,2.7
602,Çekirge,2+1,94.1,7,6,9,28390.0,11.1,3.8,0.6,6.2,9.2,7.0,7.2
603,Çekirge,2+1,86.8,1,0,8,27920.0,11.5,1.8,0.6,6.2,7.8,7.5,4.8
604,Çekirge,2+1,79.6,2,1,9,25210.0,8.5,3.6,1.5,8.1,8.4,5.5,5.1
605,Çekirge,1+1,50.4,36,3,8,9440.0,7.0,3.8,0.5,6.7,8.2,7.9,5.0
606,Çekirge,1+1,62.7,12,2,9,17950.0,10.0,3.8,1.5,5.9,8.0,6.9,4.3
607,Çekirge,1+1,50.9,0,1,3,13800.0,8.9,2.0,1.1,6.7,9.2,6.9,5.6
608,Çekirge,4+1,137.6,2,0,3,32170.0,8.8,2.1,1.3,5.9,8.5,7.4,5.8
609,Çekirge,2+1,83.9,0,0,3,27840.0,6.8,1.9,3.2,6.8,7.4,6.6,2.5
610,Çekirge,2+1,92.2,4,5,7,23380.0,10.4,0.9,0.0,6.8,8.0,6.8,3.9
611,Çekirge,2+1,89.5,0,2,6,25650.0,9.3,1.3,1.4,6.7,8.4,7.7,4.4
612,Çekirge,3+1,120.5,2,10,11,29190.0,5.7,4.3,1.1,6.4,9.2,6.4,4.6
613,Çekirge,1+1,46.0,15,4,7,12370.0,9.3,4.5,1.9,7.0,7.1,6.2,5.7
614,Çekirge,2+1,79.3,0,9,9,26130.0,8.1,2.2,1.0,7.3,8.4,7.7,4.3
615,Çekirge,3+1,124.6,1,3,6,32880.0,10.3,3.2,1.6,7.2,8.7,6.6,4.4
616,Çekirge,2+1,94.8,2,9,9,26570.0,5.4,2.3,1.8,6.9,8.6,4.9,4.6
617,Çekirge,3+1,128.1,10,3,6,31460.0,8.8,1.4,0.8,6.0,7.4,6.2,6.4
618,Çekirge,3+1,125.5,0,8,9,27590.0,10.4,0.4,0.6,7.0,8.6,6.5,3.3
619,Çekirge,3+1,117.5,1,8,9,36370.0,7.2,3.4,1.1,7.8,8.4,7.6,4.8
620,Çekirge,1+1,48.6,3,3,8,13800.0,9.6,3.6,0.6,8.2,8.2,7.3,5.5
621,Çekirge,1+1,61.6,9,3,7,12880.0,11.3,3.5,1.4,9.5,8.7,6.1,4.8
622,Çekirge,1+1,57.0,1,7,10,14690.0,6.9,4.9,1.2,6.8,9.0,7.3,5.2
623,Çekirge,3+1,113.2,8,5,10,31800.0,9.2,2.7,2.2,6.6,8.7,7.3,4.5
624,Çekirge,4+1,165.0,13,4,4,33160.0,8.0,3.3,2.0,7.4,6.9,7.4,4.5
625,Çekirge,4+1,168.0,4,2,9,44600.0,9.0,4.6,1.0,7.9,9.1,7.5,3.4
626,Çekirge,2+1,72.2,10,4,5,16070.0,7.2,5.4,0.2,7.9,8.6,6.7,5.0
627,Çekirge,3+1,106.7,10,10,10,25610.0,10.4,3.3,0.0,7.7,8.5,6.6,5.7
628,Çekirge,2+1,85.9,13,0,3,20870.0,8.9,2.5,1.9,6.6,7.6,6.5,6.2
629,Çekirge,3+1,120.6,8,3,9,33850.0,8.6,2.8,1.3,6.3,8.5,7.2,3.5
630,Çekirge,2+1,83.9,3,6,6,17730.0,8.4,2.4,1.8,7.0,9.6,7.5,4.6
631,Çekirge,1+1,47.9,8,1,8,10370.0,7.8,3.5,2.0,5.2,9.3,6.9,3.3
632,Çekirge,1+1,59.8,2,10,11,16290.0,9.9,2.3,0.1,6.7,8.5,7.2,4.3
633,Çekirge,4+1,159.6,6,8,9,39280.0,10.6,2.8,0.4,7.7,9.8,7.1,6.1
634,Çekirge,2+1,85.3,0,1,9,20210.0,8.7,2.2,0.7,6.4,8.3,7.4,4.9
635,Çekirge,2+1,72.1,3,1,11,20150.0,9.8,3.3,0.4,7.2,8.2,6.2,5.7
636,Çekirge,2+1,71.5,5,3,10,21710.0,8.3,3.8,0.6,6.8,7.0,6.8,5.1
637,Çekirge,2+1,86.4,16,0,4,18950.0,7.6,2.3,1.8,8.2,8.1,6.5,4.0
638,Çekirge,4+1,156.7,12,2,3,32130.0,7.0,3.2,1.4,5.3,8.3,8.1,4.8
639,Çekirge,1+1,46.0,8,2,5,11440.0,8.8,1.9,0.2,8.2,7.9,7.8,4.6
640,Çekirge,1+1,45.1,5,3,10,12810.0,5.9,3.5,0.0,6.8,9.0,7.4,3.8
641,Çekirge,3+1,118.7,6,3,9,36120.0,9.3,0.6,1.0,7.2,8.3,7.4,5.2
642,Çekirge,2+1,86.4,26,5,5,15850.0,8.1,3.6,2.1,7.0,8.8,6.0,5.2
643,Çekirge,1+1,50.2,2,8,11,13370.0,10.6,2.9,0.1,9.0,7.9,7.0,5.3
644,Çekirge,1+1,55.5,0,4,5,15100.0,7.3,5.6,0.8,7.5,8.3,6.8,4.6
645,Çekirge,1+1,64.5,24,2,9,15640.0,7.2,2.3,0.3,8.2,8.0,7.4,5.9
646,Çekirge,2+1,73.4,5,1,4,21530.0,7.1,3.5,1.1,7.3,8.8,6.3,4.1
647,Çekirge,1+1,61.3,4,2,4,17760.0,7.4,3.6,2.1,7.0,9.1,7.1,6.4
648,Çekirge,1+1,51.6,12,1,8,12430.0,10.7,2.5,2.7,8.7,8.7,7.4,6.1
649,Çekirge,3+1,117.8,22,3,9,26560.0,8.7,3.0,0.0,6.8,8.0,7.6,5.9
650,Çekirge,3+1,105.1,9,7,8,28680.0,9.9,4.5,2.7,5.6,8.3,6.5,5.2
651,Çekirge,3+1,122.5,9,7,9,27100.0,7.4,1.8,0.7,6.0,8.5,6.9,4.3
652,Çekirge,2+1,83.6,8,6,6,21030.0,9.0,2.3,1.0,7.6,8.3,7.4,4.3
653,Çekirge,2+1,81.2,4,0,9,25820.0,7.3,1.2,0.5,5.9,7.7,7.4,5.0
654,Çekirge,4+1,163.7,9,0,4,49960.0,7.9,1.4,1.6,6.8,9.7,6.6,5.8
655,Çekirge,3+1,102.3,6,3,6,29330.0,9.9,1.3,0.1,5.0,8.9,6.8,4.9
656,Çekirge,2+1,91.0,6,4,6,22020.0,9.2,3.7,2.8,7.0,9.2,6.4,3.5
657,Çekirge,2+1,79.9,9,2,6,18460.0,6.1,5.1,0.6,5.7,9.0,6.5,6.0
658,Çekirge,2+1,81.0,8,10,11,22350.0,10.2,2.9,1.4,7.6,8.6,6.9,3.7
659,Çekirge,2+1,77.1,0,3,9,17880.0,11.5,3.0,1.3,6.7,7.5,6.9,5.3
660,Çekirge,2+1,84.4,18,3,5,15780.0,12.1,1.7,2.1,6.3,8.4,7.4,4.3
661,Çekirge,1+1,49.4,5,4,6,12730.0,10.0,4.9,0.9,8.4,8.1,7.5,5.4
662,Çekirge,4+1,137.6,2,6,9,33900.0,9.5,3.2,0.9,6.9,8.4,6.7,5.1
663,Çekirge,2+1,93.2,6,4,9,20380.0,8.1,2.4,2.6,5.9,8.8,7.2,5.3
664,Çekirge,2+1,85.6,2,3,7,22220.0,9.3,0.8,1.1,6.4,8.4,5.8,5.4
665,Çekirge,1+1,51.7,15,5,5,11050.0,10.7,3.7,1.9,8.2,8.0,8.0,3.7
666,Çekirge,3+1,112.4,4,3,11,32450.0,10.4,4.1,1.2,7.1,8.8,7.2,5.5
667,Çekirge,3+1,119.7,1,1,7,32650.0,6.9,3.3,2.3,6.6,8.6,7.5,3.1
668,Çekirge,1+1,46.2,7,4,4,10620.0,10.7,4.2,1.3,7.7,8.6,7.4,4.7
669,Çekirge,2+1,73.5,21,7,8,19220.0,11.1,2.5,0.2,8.0,8.8,7.2,4.4
670,Çekirge,3+1,120.0,18,8,8,32100.0,11.4,3.9,0.0,7.2,9.8,6.4,4.9
671,Çekirge,3+1,111.1,10,8,10,25550.0,7.5,4.5,0.0,6.8,8.5,7.7,5.6
672,Çekirge,1+1,53.0,16,1,3,18500.0,10.0,3.1,0.0,6.5,8.4,6.6,5.0
673,Çekirge,3+1,110.3,2,1,4,25890.0,11.0,2.9,0.0,7.6,9.1,5.3,4.3
674,Çekirge,2+1,92.4,7,0,5,21650.0,10.1,2.4,1.4,6.1,7.7,7.5,5.2
675,Çekirge,1+1,55.9,0,10,10,18200.0,6.7,4.5,2.1,7.7,8.1,6.4,4.8
676,Çekirge,1+1,46.6,10,1,4,12660.0,7.4,3.8,1.4,8.2,8.8,7.7,5.4
677,Çekirge,1+1,52.1,16,2,4,12200.0,8.6,3.5,1.5,7.3,8.4,6.5,6.0
678,Çekirge,2+1,83.1,44,3,4,12890.0,9.1,2.8,0.5,8.3,7.8,7.5,7.0
679,Çekirge,2+1,73.0,22,2,7,13340.0,8.4,2.2,0.4,6.7,8.4,7.3,3.9
680,Çekirge,3+1,125.1,11,2,6,38040.0,9.3,1.1,1.3,7.4,8.4,6.2,6.6
681,Çekirge,1+1,53.6,4,2,3,15440.0,11.6,3.7,0.6,7.9,8.1,7.1,3.8
682,Çekirge,4+1,162.9,7,1,8,33740.0,9.7,2.0,2.0,6.7,7.8,7.1,4.2
683,Çekirge,1+1,58.7,34,4,6,12330.0,7.5,1.5,1.3,6.1,7.8,7.6,5.5
684,Çekirge,2+1,91.1,4,8,8,29700.0,10.4,2.5,1.5,5.9,8.1,7.1,5.4
685,Çekirge,4+1,165.9,9,8,10,41440.0,8.6,2.5,1.2,7.3,8.6,6.2,4.1
686,Çekirge,3+1,112.4,2,0,9,29310.0,9.3,1.6,2.0,7.1,8.1,6.9,4.5
687,Çekirge,2+1,93.8,5,5,7,26670.0,7.9,3.2,1.2,5.8,8.7,7.0,5.1
688,Çekirge,3+1,115.1,7,3,9,25730.0,8.5,3.8,1.4,7.4,10.0,7.4,6.0
689,Çekirge,1+1,50.6,5,0,3,14610.0,9.6,3.5,0.8,6.7,8.4,7.5,5.8
690,Çekirge,1+1,59.2,4,7,7,16800.0,8.7,4.9,0.7,7.1,8.9,6.4,4.9
691,Çekirge,2+1,70.5,10,1,10,20120.0,8.1,3.7,1.3,5.9,8.8,6.0,5.6
692,Çekirge,1+1,55.6,1,5,5,15630.0,10.4,2.0,0.5,7.4,8.8,5.3,6.8
693,Çekirge,2+1,94.2,4,0,6,19680.0,10.0,2.3,1.4,6.8,8.6,6.5,5.8
694,Çekirge,1+1,59.8,2,1,10,19620.0,10.9,2.9,1.9,6.9,7.6,8.1,6.0
695,Çekirge,4+1,152.7,4,6,11,32070.0,10.4,1.1,1.2,6.3,7.6,7.2,4.7
696,Çekirge,3+1,120.3,8,2,7,22120.0,5.7,5.2,2.7,7.1,8.0,6.8,5.8
697,Çekirge,3+1,120.8,17,4,6,26160.0,8.2,3.4,0.2,7.4,8.2,7.1,6.2
698,Çekirge,3+1,104.7,8,1,3,25450.0,9.0,5.3,0.0,6.9,9.4,6.5,4.8
699,Çekirge,1+1,55.5,0,3,6,18010.0,8.5,2.1,0.8,6.1,8.8,6.7,4.4
700,Çekirge,1+1,51.0,32,3,8,11380.0,8.4,3.8,1.1,7.6,8.6,5.8,5.9
701,Çekirge,3+1,119.0,8,4,6,27810.0,7.6,3.8,0.8,7.7,8.4,7.7,5.4
702,Çekirge,2+1,77.6,31,2,5,17380.0,8.9,3.6,1.0,7.1,9.5,7.8,5.1
703,Çekirge,2+1,79.8,25,0,4,17380.0,10.3,3.9,0.1,7.8,8.4,6.3,6.2
704,Çekirge,2+1,81.5,5,1,5,23680.0,11.1,3.9,0.0,8.6,9.1,6.6,4.1
705,Çekirge,2+1,80.6,3,1,6,23860.0,8.2,1.7,1.3,6.6,8.6,6.1,4.8
706,Çekirge,1+1,46.3,2,8,8,10930.0,9.0,3.7,1.3,6.6,8.7,8.1,5.2
707,Çekirge,2+1,85.2,10,5,5,18150.0,9.0,2.7,1.1,7.2,9.2,7.1,6.1
708,Çekirge,2+1,70.3,0,3,3,15390.0,9.4,5.5,1.4,7.5,8.3,6.8,5.9
709,Çekirge,2+1,78.6,1,2,4,21880.0,9.3,2.1,0.0,6.1,8.5,6.8,3.7
710,Çekirge,4+1,135.1,0,1,6,36160.0,8.5,2.3,1.7,5.5,7.3,7.0,5.1
711,Çekirge,2+1,93.1,16,3,9,21890.0,8.3,4.9,0.7,7.0,10.0,6.9,5.5
712,Çekirge,3+1,116.1,4,3,3,31940.0,9.2,2.3,1.3,8.6,9.2,7.2,5.8
713,Çekirge,3+1,125.7,24,5,10,31520.0,7.8,2.4,2.7,7.1,9.6,7.1,5.2
714,Çekirge,1+1,52.9,0,7,11,12960.0,8.5,4.1,0.9,6.6,9.1,7.8,4.6
715,Çekirge,3+1,102.4,3,5,5,28220.0,9.0,1.8,0.4,6.1,8.8,5.6,4.1
716,Çekirge,2+1,84.9,0,8,8,23860.0,11.5,5.0,0.0,7.2,7.9,6.2,4.9
717,Çekirge,2+1,91.4,2,5,7,27200.0,5.6,2.1,0.3,7.1,8.4,6.9,4.8
718,Çekirge,1+1,47.6,1,5,6,12730.0,9.6,4.0,0.6,7.0,9.2,6.2,6.6
719,Çekirge,4+1,168.7,4,2,6,57250.0,8.2,2.4,0.7,7.1,8.3,6.9,1.8
720,Çekirge,4+1,165.8,3,2,3,52100.0,8.7,4.0,0.1,7.6,8.2,6.2,4.8
721,Çekirge,1+1,46.6,14,4,5,10220.0,10.6,2.2,1.2,7.2,8.9,7.2,4.3
722,Çekirge,1+1,61.2,9,7,9,12160.0,9.7,2.6,0.9,7.4,8.2,6.8,4.9
723,Çekirge,1+1,64.1,3,1,5,14920.0,9.2,1.6,0.0,7.5,8.9,6.7,5.3
724,Çekirge,3+1,112.1,6,5,9,20280.0,8.6,3.6,0.7,7.0,9.0,7.1,6.4
725,Çekirge,2+1,93.4,12,0,4,15150.0,8.5,1.4,1.2,7.1,8.9,8.0,5.0
726,Çekirge,1+1,49.9,9,0,7,11860.0,8.4,3.7,0.2,6.8,8.4,6.7,5.7
727,Çekirge,3+1,128.4,0,4,11,41150.0,7.0,1.3,0.0,7.0,9.2,6.6,4.6
728,Çekirge,2+1,76.6,5,2,11,19070.0,7.0,2.3,1.9,7.1,8.1,7.9,4.5
729,Çekirge,2+1,88.7,3,4,10,19760.0,12.4,3.5,0.7,7.8,8.9,7.9,4.4
730,Çekirge,2+1,70.4,5,5,5,18690.0,9.4,2.8,0.8,6.3,9.0,8.0,4.5
731,Çekirge,2+1,73.9,2,2,3,16570.0,7.0,2.1,0.0,8.1,8.7,7.0,3.0
732,Çekirge,2+1,76.1,4,4,5,18740.0,10.3,2.4,1.0,8.0,8.3,6.5,6.3
733,Çekirge,2+1,79.8,12,0,10,22970.0,9.4,3.5,1.1,6.6,8.5,6.7,5.9
734,Çekirge,2+1,86.0,40,4,7,13360.0,9.9,1.6,1.2,7.1,8.5,7.3,5.1
735,Çekirge,4+1,147.8,12,10,10,43580.0,11.5,1.4,0.7,5.7,9.4,7.7,5.3
736,Çekirge,2+1,70.2,11,1,10,19930.0,9.7,2.6,1.6,7.7,8.4,6.8,6.0
737,Çekirge,4+1,164.6,40,1,3,33610.0,9.7,2.4,2.5,7.3,8.8,8.2,4.6
738,Çekirge,2+1,89.0,16,0,11,17200.0,10.1,3.5,0.8,6.9,9.0,6.2,5.2
739,Çekirge,3+1,116.8,4,0,5,25090.0,8.8,1.6,2.1,6.1,7.5,7.1,4.6
740,Çekirge,2+1,94.8,1,0,7,23010.0,8.1,4.0,2.0,7.9,8.4,5.3,5.4
741,Çekirge,3+1,125.0,7,7,7,27910.0,8.2,5.3,0.0,6.1,9.1,6.7,3.9
742,Çekirge,2+1,75.4,2,6,9,17850.0,12.1,3.0,2.1,7.7,8.2,6.6,6.3
743,Çekirge,1+1,52.2,0,2,11,14410.0,7.5,3.3,0.0,6.6,8.0,6.7,4.9
744,Çekirge,1+1,49.5,5,6,10,15990.0,8.8,2.3,2.4,6.5,8.4,7.5,3.9
745,Çekirge,1+1,59.6,0,3,7,19290.0,8.8,2.0,2.7,5.8,7.6,7.4,6.5
746,Çekirge,4+1,140.4,2,7,11,36230.0,6.2,3.9,0.0,6.0,8.8,7.7,4.9
747,Çekirge,4+1,156.4,1,3,4,37650.0,9.8,3.7,1.7,7.2,7.8,7.5,5.0
748,Çekirge,3+1,109.5,1,3,8,33580.0,6.9,1.8,0.7,8.3,9.1,5.9,6.2
749,Çekirge,1+1,47.3,2,2,6,12850.0,10.7,4.9,0.3,8.4,7.2,6.7,4.6
750,Çekirge,3+1,109.8,20,2,3,20600.0,10.3,3.6,0.0,5.3,9.1,6.9,3.8
751,Heykel,1+1,47.7,1,5,11,12490.0,9.5,1.6,1.3,3.4,4.6,9.0,7.3
752,Heykel,1+1,58.1,17,2,6,12740.0,8.5,1.0,1.6,4.5,6.9,9.7,8.1
753,Heykel,4+1,155.2,5,5,5,32340.0,9.7,0.0,1.9,3.7,5.4,9.4,8.9
754,Heykel,4+1,169.4,2,5,8,44470.0,9.4,0.0,2.1,4.7,6.6,8.9,7.0
755,Heykel,2+1,90.4,16,3,3,19240.0,12.5,0.0,3.0,3.9,7.2,9.9,7.7
756,Heykel,2+1,78.4,2,5,10,18340.0,11.7,1.6,1.2,4.4,6.6,8.6,10.0
757,Heykel,3+1,100.4,7,5,6,22320.0,11.5,0.0,1.6,5.3,7.4,8.5,7.2
758,Heykel,1+1,58.3,13,3,6,14010.0,9.2,0.0,1.0,4.5,5.4,8.8,6.7
759,Heykel,2+1,78.9,6,8,8,16140.0,8.4,0.8,1.2,4.3,7.6,8.7,7.7
760,Heykel,1+1,56.4,5,3,5,12680.0,9.9,0.0,2.7,5.5,5.7,10.0,6.7
761,Heykel,2+1,81.4,6,2,4,18180.0,9.9,0.8,1.3,4.3,6.0,8.1,7.3
762,Heykel,4+1,159.9,1,2,4,40140.0,13.0,0.0,2.4,4.5,7.0,9.5,7.9
763,Heykel,3+1,104.1,6,0,3,18950.0,11.2,0.5,1.6,4.3,6.4,9.9,10.0
764,Heykel,4+1,142.0,6,6,11,36080.0,8.6,0.0,1.9,5.1,5.5,8.5,8.5
765,Heykel,3+1,122.6,3,8,11,38140.0,7.7,0.0,2.0,3.6,6.5,8.9,7.8
766,Heykel,2+1,93.9,14,3,8,22860.0,9.7,0.0,0.6,4.4,5.7,8.1,8.5
767,Heykel,3+1,106.4,6,6,9,24860.0,8.4,1.4,2.0,4.0,6.6,7.8,6.5
768,Heykel,3+1,117.7,3,1,4,32140.0,8.6,1.2,1.9,3.7,6.7,9.0,7.4
769,Heykel,2+1,85.7,0,5,10,20360.0,8.0,0.6,1.4,3.7,6.4,9.5,8.2
770,Heykel,2+1,94.1,14,3,3,14410.0,11.2,0.0,0.9,4.1,7.8,10.0,8.6
771,Heykel,2+1,83.1,7,1,3,18050.0,8.8,0.7,1.6,5.2,5.3,9.1,7.2
772,Heykel,2+1,73.7,0,3,9,18780.0,9.7,0.0,1.6,4.4,6.0,9.0,7.7
773,Heykel,2+1,83.9,0,8,9,20020.0,10.2,0.0,1.7,4.2,5.8,9.3,7.5
774,Heykel,1+1,47.9,22,0,7,8600.0,6.9,0.0,2.6,5.6,6.1,9.9,8.7
775,Heykel,2+1,83.2,14,1,11,19770.0,10.6,0.0,1.9,6.1,6.7,9.6,8.5
776,Heykel,1+1,55.8,11,1,9,13490.0,10.4,0.0,2.3,4.4,6.3,10.0,6.6
777,Heykel,2+1,93.6,13,6,10,26630.0,8.6,0.0,2.0,3.8,7.0,8.6,8.6
778,Heykel,2+1,93.7,9,7,9,17310.0,12.3,0.0,1.2,4.8,6.1,7.9,9.8
779,Heykel,1+1,51.4,21,0,5,11020.0,10.7,0.0,1.7,4.3,6.9,8.2,9.8
780,Heykel,4+1,150.0,3,1,5,30710.0,8.7,0.0,1.7,3.7,6.9,8.5,7.2
781,Heykel,2+1,79.9,2,5,6,19340.0,7.9,0.0,1.0,5.5,6.8,8.4,7.5
782,Heykel,2+1,94.2,18,4,7,18640.0,13.1,2.0,3.0,5.0,6.2,9.4,7.7
783,Heykel,1+1,64.2,0,1,8,16280.0,12.6,0.0,3.5,4.4,5.7,8.5,6.5
784,Heykel,3+1,101.7,11,2,6,25720.0,9.0,0.2,1.0,4.2,8.0,9.5,7.8
785,Heykel,2+1,77.7,2,5,6,18070.0,10.8,0.0,1.2,4.8,5.8,9.5,8.0
786,Heykel,2+1,82.2,3,0,8,21590.0,9.6,2.7,2.9,3.7,5.3,8.5,6.9
787,Heykel,1+1,49.8,3,4,6,11660.0,9.7,0.5,2.9,4.7,5.9,10.0,7.7
788,Heykel,3+1,105.4,8,3,5,24540.0,10.1,0.0,1.5,4.2,6.8,9.4,7.8
789,Heykel,4+1,164.3,2,5,5,41220.0,8.0,0.8,0.8,3.7,5.3,8.9,9.4
790,Heykel,2+1,92.1,0,2,3,24130.0,8.9,0.0,2.0,4.0,6.2,9.7,8.9
791,Heykel,1+1,59.9,3,3,6,15570.0,11.7,3.7,1.6,4.2,6.9,8.5,7.9
792,Heykel,1+1,58.2,1,2,4,14090.0,11.9,0.5,1.0,4.3,5.2,8.2,8.6
793,Heykel,1+1,45.9,0,3,4,11140.0,9.3,1.6,2.5,5.0,7.4,8.7,9.2
794,Heykel,3+1,106.7,9,5,7,19900.0,10.9,0.6,2.9,4.5,6.5,9.4,7.4
795,Heykel,4+1,141.1,0,0,10,33550.0,9.9,2.4,1.6,4.1,5.5,9.0,8.6
796,Heykel,4+1,166.8,34,5,10,29570.0,11.4,1.4,2.9,5.3,7.4,8.9,6.8
797,Heykel,3+1,114.1,19,7,7,26670.0,12.9,1.2,2.2,3.4,6.7,8.6,8.2
798,Heykel,1+1,52.6,0,2,9,14620.0,5.9,0.7,3.0,6.0,6.9,10.0,8.2
799,Heykel,4+1,152.5,4,4,8,33170.0,9.2,0.0,2.4,4.5,6.3,8.6,8.5
800,Heykel,2+1,86.4,1,2,9,18080.0,11.4,0.0,2.4,5.8,7.5,9.5,8.6
801,Heykel,2+1,91.6,5,6,8,23980.0,9.5,2.0,2.0,4.6,6.3,8.6,7.5
802,Heykel,3+1,119.7,33,4,6,22580.0,11.6,0.0,0.6,4.5,8.2,9.9,7.5
803,Heykel,1+1,60.8,2,9,10,17330.0,9.7,0.4,2.0,5.4,6.0,7.8,8.3
804,Heykel,3+1,103.2,6,1,7,25950.0,11.6,1.2,3.9,4.0,6.7,8.7,8.9
805,Heykel,4+1,152.8,2,7,10,43760.0,10.9,0.5,2.4,4.7,6.7,8.9,7.4
806,Heykel,3+1,127.1,4,7,8,25980.0,9.7,1.3,2.7,3.1,6.4,9.3,8.0
807,Heykel,3+1,129.8,15,5,10,30270.0,9.2,0.0,1.9,5.5,5.7,10.0,7.2
808,Heykel,2+1,73.6,18,0,8,14840.0,7.8,3.9,1.6,4.1,7.1,10.0,9.0
809,Heykel,1+1,51.7,1,1,11,14190.0,7.5,0.0,2.0,4.9,6.3,10.0,8.7
810,Heykel,3+1,118.2,6,7,8,25110.0,12.6,2.9,2.4,5.3,4.7,8.9,9.0
811,Heykel,2+1,81.2,4,1,9,13550.0,10.6,0.0,2.9,5.4,6.2,9.4,7.8
812,Heykel,4+1,148.9,5,1,5,28390.0,7.3,0.4,1.8,4.7,6.1,10.0,8.1
813,Heykel,1+1,60.8,2,5,7,15940.0,10.7,1.4,0.5,3.1,6.5,8.9,8.5
814,Heykel,2+1,92.0,18,4,7,18830.0,8.0,1.0,0.5,4.8,5.6,8.7,8.8
815,Heykel,2+1,70.4,5,4,6,15370.0,7.7,0.0,2.1,4.9,6.8,9.4,8.0
816,Heykel,3+1,100.7,8,4,10,19490.0,8.7,0.6,1.9,7.0,5.7,8.9,6.7
817,Heykel,3+1,124.4,0,3,5,29420.0,9.7,0.0,0.9,4.0,6.3,9.1,8.5
818,Heykel,4+1,163.0,4,7,9,41660.0,9.0,1.4,3.1,4.3,5.9,9.0,8.3
819,Heykel,2+1,86.4,4,5,7,21970.0,9.5,0.0,2.4,3.9,6.6,9.1,6.3
820,Heykel,2+1,86.5,0,10,10,21930.0,7.0,2.0,2.3,3.5,6.0,9.2,8.6
821,Heykel,1+1,51.5,2,6,7,11050.0,6.9,0.0,3.2,6.1,6.6,8.6,7.8
822,Heykel,2+1,83.6,5,2,6,23260.0,8.4,0.0,2.0,4.7,6.1,9.1,8.5
823,Heykel,2+1,73.1,15,10,11,18380.0,9.2,0.0,2.2,5.4,6.7,8.9,6.7
824,Heykel,2+1,70.2,21,3,9,13460.0,9.4,0.0,2.2,4.9,6.8,8.3,6.5
825,Heykel,2+1,92.4,0,1,4,28340.0,13.0,0.0,2.5,5.2,7.0,8.8,9.2
826,Heykel,2+1,79.4,37,0,3,14970.0,9.6,1.1,2.2,4.6,6.5,9.6,7.8
827,Heykel,2+1,74.7,0,6,9,15710.0,8.5,0.8,1.9,2.8,6.3,9.8,7.6
828,Heykel,3+1,101.3,0,5,9,28440.0,5.8,2.6,2.5,6.5,6.0,7.8,8.0
829,Heykel,1+1,63.4,0,4,6,15690.0,9.6,1.1,1.8,4.2,7.1,9.9,9.0
830,Heykel,2+1,82.8,2,3,11,18440.0,9.8,0.0,2.0,3.7,5.7,9.9,7.1
831,Heykel,3+1,100.0,1,2,3,27110.0,10.5,1.4,3.1,4.8,5.4,8.6,8.6
832,Heykel,3+1,101.9,1,4,7,25480.0,11.7,0.3,2.1,5.2,5.6,8.8,8.7
833,Heykel,3+1,100.1,3,3,9,19350.0,11.2,1.5,1.8,4.8,6.9,8.4,7.4
834,Heykel,1+1,63.2,4,4,6,14810.0,9.6,1.0,2.0,4.1,7.2,8.6,7.7
835,Heykel,2+1,76.1,5,4,10,18770.0,10.9,1.2,3.7,3.9,5.5,8.3,7.4
836,Heykel,4+1,141.6,3,3,4,40680.0,10.8,3.1,1.7,3.2,7.1,7.7,7.3
837,Heykel,2+1,74.6,9,4,4,14570.0,10.0,1.7,2.0,3.8,5.8,8.4,8.4
838,Heykel,2+1,88.5,1,3,5,16090.0,10.6,0.0,2.6,3.9,5.9,9.1,10.0
839,Heykel,4+1,159.6,1,0,3,31200.0,8.3,0.0,3.4,5.7,6.7,9.1,6.6
840,Heykel,1+1,53.3,17,5,9,10320.0,7.4,2.2,1.9,3.1,5.9,8.1,7.9
841,Heykel,3+1,111.6,8,5,9,25920.0,11.6,0.1,4.4,4.0,6.0,8.3,7.8
842,Heykel,3+1,129.3,0,11,11,32940.0,8.0,0.0,2.5,6.3,5.9,8.9,7.3
843,Heykel,1+1,56.2,12,2,5,11640.0,13.4,1.0,1.2,4.2,6.0,9.6,6.5
844,Heykel,3+1,106.6,30,3,6,21410.0,12.1,1.1,1.9,5.1,5.8,7.7,8.4
845,Heykel,2+1,84.1,3,6,11,21010.0,11.4,1.5,2.2,4.1,6.6,8.6,7.8
846,Heykel,3+1,118.0,2,2,11,26470.0,11.5,1.4,2.6,4.7,7.1,9.9,8.3
847,Heykel,4+1,166.5,21,8,8,30050.0,9.9,0.0,2.7,3.7,6.2,8.9,8.0
848,Heykel,3+1,100.7,1,5,9,23580.0,8.8,1.8,0.3,4.3,6.2,9.3,6.7
849,Heykel,1+1,53.5,4,7,11,13350.0,8.2,0.0,2.7,3.5,6.5,9.0,7.7
850,Heykel,3+1,114.8,1,7,7,21550.0,8.9,1.1,2.7,4.0,6.5,8.4,7.0
851,Heykel,4+1,154.1,0,8,9,46680.0,8.8,0.2,3.3,4.4,6.4,8.1,6.5
852,Heykel,2+1,89.5,1,1,6,20870.0,10.0,0.0,2.4,4.6,7.7,9.0,7.2
853,Heykel,2+1,79.6,0,2,5,19960.0,8.1,0.0,2.2,5.6,6.5,9.6,8.9
854,Heykel,1+1,53.7,2,10,11,15060.0,10.8,1.4,1.6,4.3,6.4,9.0,9.1
855,Heykel,3+1,129.8,8,3,11,24940.0,11.0,0.0,1.7,6.0,7.1,9.4,8.3
856,Heykel,1+1,60.4,5,0,9,13060.0,7.9,1.2,2.0,3.4,6.8,8.8,8.5
857,Heykel,2+1,83.7,5,0,4,18700.0,9.4,0.0,2.9,4.3,7.3,10.0,7.3
858,Heykel,4+1,161.2,0,4,9,38650.0,8.7,0.0,1.7,5.5,6.6,9.9,8.4
859,Heykel,4+1,147.1,3,0,5,39170.0,11.5,0.2,2.1,5.0,6.3,8.2,7.3
860,Heykel,4+1,162.1,5,9,10,32220.0,9.1,0.1,2.6,4.1,6.2,8.0,8.4
861,Heykel,2+1,89.2,11,1,4,22540.0,8.5,0.0,3.0,4.6,6.9,9.3,8.0
862,Heykel,1+1,53.6,1,8,9,15000.0,8.2,2.1,1.7,3.9,6.4,9.6,8.5
863,Heykel,2+1,89.3,6,1,3,19550.0,8.9,1.0,1.9,3.4,7.0,8.7,9.4
864,Heykel,1+1,64.4,0,6,11,14220.0,9.3,2.6,2.1,3.9,5.4,7.8,7.5
865,Heykel,3+1,102.1,5,3,4,23990.0,11.5,2.4,0.5,3.9,6.0,9.1,6.9
866,Heykel,2+1,74.9,1,0,4,22070.0,10.0,1.0,1.4,3.4,6.1,10.0,8.6
867,Heykel,2+1,92.7,3,5,11,18820.0,7.6,0.0,3.6,6.0,6.2,8.5,6.5
868,Heykel,1+1,57.7,5,0,6,15200.0,9.7,1.2,1.4,4.9,6.2,9.3,8.3
869,Heykel,2+1,85.9,0,5,11,18740.0,9.6,0.0,1.7,4.2,7.3,9.1,8.9
870,Heykel,3+1,108.0,12,3,4,25850.0,11.8,0.3,0.7,3.1,6.3,7.4,9.6
871,Heykel,3+1,108.8,0,0,4,30570.0,8.3,0.0,1.4,4.6,6.9,9.8,8.9
872,Heykel,1+1,60.0,0,3,7,11720.0,9.0,0.0,1.5,3.7,6.2,9.4,9.5
873,Heykel,1+1,54.6,34,4,8,8650.0,11.1,0.3,1.4,5.1,7.1,9.0,7.3
874,Heykel,2+1,89.1,4,0,5,20070.0,11.4,0.8,2.8,5.6,6.8,8.6,8.9
875,Heykel,1+1,53.7,5,1,10,13820.0,10.4,0.4,1.8,4.7,6.8,9.8,8.3
876,Heykel,4+1,136.2,2,6,6,40030.0,9.2,1.7,2.2,4.7,6.4,8.4,7.1
877,Heykel,3+1,129.5,3,3,7,36630.0,9.4,1.0,2.0,3.6,6.4,9.4,7.6
878,Heykel,1+1,60.5,17,1,3,9780.0,10.8,0.2,1.5,4.3,6.9,9.5,8.2
879,Heykel,3+1,114.0,7,4,9,24760.0,10.7,1.1,1.3,3.2,5.3,9.0,8.3
880,Heykel,2+1,76.2,1,7,8,21920.0,10.6,0.0,2.4,5.0,6.2,8.0,8.1
881,Heykel,1+1,54.5,1,2,4,16290.0,6.8,0.7,3.1,3.8,6.4,8.7,7.4
882,Heykel,2+1,93.4,10,6,11,22330.0,9.7,0.0,2.8,5.1,5.9,8.1,7.1
883,Heykel,1+1,50.0,7,0,4,12010.0,11.2,0.1,1.3,5.2,6.2,9.1,6.6
884,Heykel,2+1,77.5,6,0,8,20000.0,6.5,0.0,1.9,5.9,5.8,9.5,9.0
885,Heykel,3+1,112.9,1,3,4,22980.0,9.3,2.0,2.4,4.4,6.6,9.4,8.7
886,Heykel,4+1,146.5,2,4,11,38820.0,8.7,0.0,1.7,4.5,5.4,9.3,9.2
887,Heykel,2+1,92.6,7,0,6,22320.0,9.8,1.0,2.5,5.4,5.8,9.2,7.7
888,Heykel,2+1,85.8,17,7,10,20780.0,10.6,0.4,1.8,3.1,7.3,8.8,8.5
889,Heykel,1+1,46.0,4,9,9,13100.0,10.4,0.0,1.9,5.4,7.1,8.0,9.5
890,Heykel,2+1,78.4,13,1,11,19200.0,10.7,0.0,1.8,7.0,6.5,8.5,7.1
891,Heykel,2+1,76.0,19,1,3,15860.0,11.9,0.0,2.1,4.7,7.3,9.2,7.4
892,Heykel,2+1,80.1,20,2,11,17610.0,9.4,0.2,2.7,5.6,6.8,10.0,8.5
893,Heykel,1+1,58.0,6,5,8,12680.0,10.0,0.0,1.6,6.0,7.2,8.5,7.6
894,Heykel,4+1,154.5,8,5,5,27150.0,10.2,1.0,2.8,4.4,6.3,10.0,8.0
895,Heykel,3+1,127.6,26,5,5,19480.0,9.3,0.0,1.5,5.5,6.1,9.5,9.4
896,Heykel,2+1,79.6,24,3,9,15330.0,11.1,2.7,1.5,3.7,5.9,9.7,9.0
897,Heykel,3+1,105.6,13,1,9,23470.0,9.2,1.7,2.3,5.0,6.6,9.4,8.4
898,Heykel,1+1,57.2,2,4,9,15950.0,10.6,0.0,1.4,4.2,6.6,8.9,7.0
899,Heykel,3+1,106.6,0,6,6,26120.0,9.8,3.3,3.4,3.7,6.6,8.0,6.8
900,Heykel,2+1,78.7,9,2,3,18460.0,11.0,0.1,2.0,3.6,5.7,8.0,8.6
901,Yıldırım,2+1,91.9,6,1,5,16730.0,10.8,6.0,5.1,4.3,6.7,6.1,5.9
902,Yıldırım,2+1,88.2,14,0,8,16050.0,12.9,7.4,3.5,4.9,6.7,5.4,6.9
903,Yıldırım,3+1,118.0,15,0,10,15470.0,14.7,6.8,4.8,4.7,6.0,6.1,6.4
904,Yıldırım,2+1,72.9,13,3,5,11220.0,9.4,5.6,4.1,5.4,7.2,4.6,8.0
905,Yıldırım,3+1,120.0,3,0,6,22820.0,12.1,5.9,3.0,5.1,6.5,5.8,7.1
906,Yıldırım,3+1,102.4,3,1,11,17480.0,12.1,6.1,4.6,2.9,5.9,5.0,7.5
907,Yıldırım,2+1,72.4,5,1,3,10580.0,11.0,8.3,3.9,3.1,6.6,7.1,7.5
908,Yıldırım,4+1,155.7,1,3,3,20260.0,12.0,6.7,4.4,4.9,5.4,5.3,7.7
909,Yıldırım,2+1,82.3,2,6,11,12450.0,13.0,8.1,3.3,5.4,6.3,6.4,7.5
910,Yıldırım,2+1,82.2,3,5,9,14090.0,11.1,6.3,5.0,5.2,5.5,5.7,5.6
911,Yıldırım,2+1,74.6,2,3,10,14310.0,10.7,5.3,5.7,4.9,6.0,5.9,7.0
912,Yıldırım,1+1,46.8,5,4,7,6970.0,14.9,7.0,4.1,6.1,5.7,7.0,7.3
913,Yıldırım,3+1,110.8,4,4,8,24460.0,10.9,7.7,4.5,4.0,5.9,6.0,5.0
914,Yıldırım,2+1,94.0,7,3,4,14300.0,11.8,6.0,4.7,5.9,6.2,5.0,5.5
915,Yıldırım,4+1,141.2,2,2,11,29360.0,12.2,6.9,3.3,5.3,5.4,6.0,8.7
916,Yıldırım,4+1,140.2,6,2,3,21640.0,10.6,8.5,5.4,5.3,5.8,5.8,7.4
917,Yıldırım,3+1,101.1,1,3,7,17890.0,12.5,7.3,4.9,5.6,5.7,5.1,6.3
918,Yıldırım,1+1,59.7,0,3,8,11980.0,11.3,5.5,4.2,4.9,5.1,5.6,6.2
919,Yıldırım,3+1,127.7,3,1,10,25610.0,13.4,5.8,4.0,5.0,6.4,6.6,6.6
920,Yıldırım,1+1,57.6,2,0,4,10930.0,12.0,5.0,3.8,4.5,6.2,6.4,4.7
921,Yıldırım,3+1,108.6,5,1,7,19000.0,11.5,5.1,4.5,5.3,5.5,5.8,6.4
922,Yıldırım,2+1,78.4,9,7,9,11860.0,10.0,5.6,5.8,3.9,5.8,7.5,6.4
923,Yıldırım,4+1,155.0,4,1,5,31350.0,11.2,5.1,3.4,5.1,5.2,5.7,5.2
924,Yıldırım,2+1,90.5,17,3,3,10610.0,12.2,4.6,4.2,6.8,6.6,5.9,8.9
925,Yıldırım,2+1,71.9,11,5,5,10880.0,10.0,6.3,4.5,4.8,6.7,5.6,6.3
926,Yıldırım,4+1,153.9,2,1,6,26560.0,12.9,7.7,4.3,4.7,5.5,6.2,5.7
927,Yıldırım,2+1,89.7,5,4,6,13910.0,10.8,6.5,2.1,4.5,5.3,6.8,5.6
928,Yıldırım,3+1,126.9,0,1,3,21140.0,12.1,5.5,4.2,4.2,5.3,6.0,6.3
929,Yıldırım,4+1,146.9,1,0,3,28440.0,12.4,6.8,6.2,4.8,5.4,4.9,7.6
930,Yıldırım,2+1,73.1,25,2,9,9220.0,13.8,4.5,2.9,6.7,6.2,6.3,5.8
931,Yıldırım,2+1,74.3,9,3,10,11970.0,8.6,5.6,4.2,4.8,5.7,5.3,4.4
932,Yıldırım,2+1,92.1,1,2,5,16080.0,11.6,5.4,2.8,5.5,5.3,6.0,5.3
933,Yıldırım,3+1,129.6,7,1,6,23950.0,12.5,6.5,3.1,4.7,5.9,6.9,5.5
934,Yıldırım,4+1,160.3,2,4,7,27050.0,13.2,4.0,3.2,3.2,6.5,6.5,6.8
935,Yıldırım,2+1,91.1,1,2,6,18510.0,14.5,7.0,4.8,6.1,5.8,5.7,5.9
936,Yıldırım,3+1,125.8,9,1,11,22500.0,12.8,7.7,3.2,6.5,5.1,5.2,5.4
937,Yıldırım,2+1,81.0,1,1,6,12700.0,9.9,7.4,5.1,6.1,6.2,4.2,4.9
938,Yıldırım,2+1,92.5,8,0,10,12930.0,13.4,6.5,4.9,4.5,6.1,5.1,5.9
939,Yıldırım,3+1,126.0,6,6,8,26630.0,9.3,4.5,4.7,6.4,6.1,6.5,5.7
940,Yıldırım,3+1,108.2,5,3,6,19550.0,9.6,7.1,4.5,4.8,5.0,5.3,7.1
941,Yıldırım,2+1,86.0,6,1,10,14090.0,9.9,6.1,4.8,5.3,5.5,5.8,6.5
942,Yıldırım,2+1,73.7,8,2,8,10510.0,13.6,4.6,5.0,5.6,5.7,5.1,4.2
943,Yıldırım,2+1,78.0,1,6,8,13670.0,9.8,5.7,3.6,4.9,5.7,5.2,5.4
944,Yıldırım,1+1,64.4,13,0,7,9380.0,8.7,5.3,5.2,4.4,6.9,5.4,6.5
945,Yıldırım,2+1,80.5,8,6,11,11500.0,13.8,5.0,5.3,4.7,6.1,5.0,5.5
946,Yıldırım,3+1,112.5,4,4,10,19950.0,11.3,4.9,4.6,4.2,6.6,5.9,5.7
947,Yıldırım,2+1,89.4,0,1,7,13650.0,13.6,6.1,3.2,5.3,5.7,5.4,5.0
948,Yıldırım,2+1,91.1,43,2,11,11320.0,14.4,6.7,3.8,6.2,5.2,6.2,6.4
949,Yıldırım,3+1,125.4,10,6,11,21390.0,9.2,6.4,4.2,5.9,6.0,6.9,6.5
950,Yıldırım,1+1,55.4,1,3,6,10140.0,8.6,4.8,5.6,4.0,6.5,6.5,5.3
951,Yıldırım,2+1,88.0,17,7,7,11450.0,10.8,4.8,5.5,4.8,5.6,7.0,6.5
952,Yıldırım,4+1,159.5,2,6,7,27410.0,9.7,3.9,3.6,4.0,4.8,5.2,5.2
953,Yıldırım,1+1,53.5,15,4,10,8440.0,11.6,6.5,4.7,5.1,7.7,6.6,5.0
954,Yıldırım,2+1,84.2,13,6,9,10700.0,10.3,6.4,5.3,5.4,6.5,6.3,6.2
955,Yıldırım,2+1,93.4,1,4,6,16060.0,11.8,7.9,4.5,5.1,6.3,5.9,5.3
956,Yıldırım,1+1,45.5,0,3,9,8720.0,11.1,6.9,4.7,6.0,5.7,6.1,5.9
957,Yıldırım,2+1,85.8,11,3,3,14030.0,13.9,6.0,4.2,5.6,5.5,6.8,7.0
958,Yıldırım,1+1,51.8,3,2,7,8910.0,12.6,5.3,5.6,5.5,5.5,7.3,6.1
959,Yıldırım,2+1,74.9,15,7,7,13590.0,13.5,7.6,5.5,5.4,6.2,6.4,6.7
960,Yıldırım,3+1,113.6,12,1,3,17060.0,11.5,6.6,4.0,3.9,6.7,5.7,6.0
961,Yıldırım,2+1,75.3,15,1,3,10870.0,10.2,5.6,5.0,5.2,6.1,6.1,6.7
962,Yıldırım,2+1,85.9,4,3,6,18850.0,11.6,6.2,5.0,4.7,6.0,6.0,5.2
963,Yıldırım,2+1,92.3,4,2,7,16980.0,13.0,3.9,3.9,6.1,8.5,6.8,6.9
964,Yıldırım,4+1,147.3,48,1,10,15660.0,10.2,4.5,5.3,5.0,6.1,6.0,5.0
965,Yıldırım,1+1,45.8,1,6,9,7450.0,10.4,6.7,5.0,4.0,5.8,7.3,5.1
966,Yıldırım,3+1,123.9,0,2,5,22450.0,11.4,6.1,4.6,4.9,5.2,6.9,7.0
967,Yıldırım,2+1,81.4,3,3,11,11900.0,9.2,5.2,4.2,3.8,6.1,6.8,6.8
968,Yıldırım,4+1,144.4,6,8,9,24170.0,12.6,8.3,3.8,2.7,5.4,6.3,6.0
969,Yıldırım,2+1,74.8,6,4,10,10460.0,12.8,5.5,4.0,4.4,6.2,6.0,6.2
970,Yıldırım,1+1,57.9,9,10,10,7760.0,10.5,5.1,4.2,6.7,5.2,5.7,6.1
971,Yıldırım,2+1,73.6,1,4,8,12380.0,13.2,8.2,5.6,4.9,6.0,6.0,6.1
972,Yıldırım,1+1,49.2,6,1,6,8040.0,10.1,6.1,3.0,4.5,5.7,6.2,7.7
973,Yıldırım,3+1,123.2,5,8,8,23250.0,14.8,5.1,3.9,5.5,6.0,6.2,5.8
974,Yıldırım,3+1,107.0,4,0,3,19460.0,12.8,4.1,3.8,4.5,6.3,5.7,5.9
975,Yıldırım,3+1,125.7,3,0,4,22620.0,11.2,5.2,6.0,3.5,6.2,5.2,5.6
976,Yıldırım,1+1,64.8,8,1,6,7220.0,11.5,5.9,3.4,6.2,5.6,5.8,5.5
977,Yıldırım,3+1,111.7,0,5,5,21300.0,13.6,8.1,4.7,6.3,6.5,6.1,6.3
978,Yıldırım,2+1,85.3,2,2,4,11780.0,12.3,4.7,4.5,5.1,6.1,5.4,6.8
979,Yıldırım,4+1,152.7,4,7,9,25100.0,13.6,7.2,3.9,4.6,5.4,5.5,4.7
980,Yıldırım,3+1,111.5,2,6,8,18910.0,11.7,7.3,4.0,4.5,5.5,5.2,6.5
981,Yıldırım,2+1,79.7,11,0,3,14400.0,9.5,6.8,4.7,4.6,6.2,4.8,7.3
982,Yıldırım,3+1,119.5,13,1,9,14470.0,11.5,5.4,3.4,5.6,6.8,6.0,5.7
983,Yıldırım,2+1,92.5,16,1,4,12540.0,11.6,6.3,4.5,5.2,5.1,6.5,6.0
984,Yıldırım,2+1,76.0,9,2,5,16200.0,12.3,5.9,3.7,6.2,5.3,6.3,5.6
985,Yıldırım,1+1,53.3,23,3,4,6950.0,10.2,7.5,4.1,5.3,6.5,6.3,4.0
986,Yıldırım,3+1,105.0,25,3,11,13600.0,9.6,6.2,3.4,4.8,6.1,6.8,5.3
987,Yıldırım,2+1,90.5,1,3,4,13590.0,9.8,6.3,3.9,6.0,5.6,5.4,6.2
988,Yıldırım,1+1,54.6,18,3,3,7950.0,12.2,6.2,3.1,5.3,6.1,6.6,6.5
989,Yıldırım,3+1,123.2,5,2,4,21080.0,11.5,6.6,4.2,6.3,7.2,6.6,7.4
990,Yıldırım,1+1,47.4,11,0,3,7420.0,11.7,4.0,5.4,6.7,6.8,6.8,6.2
991,Yıldırım,3+1,118.4,5,3,5,22290.0,13.8,5.0,4.3,4.6,6.0,6.8,5.3
992,Yıldırım,1+1,63.6,10,5,8,10400.0,11.9,6.7,4.2,3.6,5.9,5.8,4.6
993,Yıldırım,2+1,79.6,1,0,5,14190.0,12.1,5.5,4.4,4.4,6.0,6.0,5.2
994,Yıldırım,3+1,115.6,8,1,3,24020.0,11.8,5.7,4.2,4.2,6.4,5.5,5.5
995,Yıldırım,1+1,53.6,11,5,5,7880.0,13.3,6.2,5.7,5.6,6.3,7.3,5.9
996,Yıldırım,3+1,115.3,33,5,8,14130.0,11.0,6.7,3.8,5.4,6.2,5.9,6.5
997,Yıldırım,2+1,94.2,6,5,7,20830.0,12.2,5.3,3.4,6.0,5.8,5.4,6.3
998,Yıldırım,3+1,112.5,0,1,10,20070.0,12.3,6.4,4.8,5.9,6.0,5.4,5.9
999,Yıldırım,1+1,53.4,9,4,8,9430.0,14.3,4.5,4.6,4.7,5.8,6.2,4.8
1000,Yıldırım,3+1,105.3,9,0,4,14500.0,13.2,5.5,4.2,5.2,5.9,6.6,5.2
1001,Yıldırım,2+1,93.9,5,5,8,13290.0,9.9,6.2,3.9,3.8,6.6,5.6,7.0
1002,Yıldırım,2+1,85.7,15,5,6,8690.0,10.3,5.8,4.8,3.6,6.0,5.2,6.2
1003,Yıldırım,2+1,79.4,2,3,3,14370.0,13.3,5.6,6.8,4.0,5.7,6.6,6.7
1004,Yıldırım,2+1,83.3,10,7,8,15630.0,11.7,7.5,2.9,5.2,5.7,6.4,6.3
1005,Yıldırım,2+1,75.6,7,2,8,12040.0,12.7,7.2,4.6,4.0,6.1,7.8,7.5
1006,Yıldırım,1+1,54.0,7,0,7,8850.0,13.4,5.8,4.1,4.8,6.3,5.2,7.1
1007,Yıldırım,2+1,82.6,2,6,9,11540.0,11.2,5.3,6.2,4.5,4.7,5.6,6.4
1008,Yıldırım,3+1,105.2,10,8,8,16940.0,10.7,7.9,4.2,4.5,5.7,5.1,5.6
1009,Yıldırım,2+1,70.3,4,1,5,10010.0,9.6,6.3,4.6,4.6,5.7,6.3,7.3
1010,Yıldırım,1+1,56.3,5,1,6,8490.0,12.0,6.0,3.5,5.1,6.0,6.4,4.9
1011,Yıldırım,2+1,79.4,3,2,7,14070.0,13.9,4.6,4.9,4.6,6.2,5.5,4.5
1012,Yıldırım,2+1,83.2,0,7,11,15260.0,12.3,6.5,4.9,4.8,6.0,7.2,6.1
1013,Yıldırım,3+1,100.1,5,1,8,15770.0,12.3,5.4,4.4,4.4,6.1,6.4,5.8
1014,Yıldırım,4+1,169.9,6,1,3,24620.0,13.2,4.3,5.3,5.0,4.6,6.1,5.6
1015,Yıldırım,2+1,80.3,26,3,5,9800.0,9.2,7.5,4.3,4.4,5.3,6.5,4.8
1016,Yıldırım,3+1,108.4,8,5,7,15140.0,11.1,6.0,4.7,4.4,5.9,6.6,4.5
1017,Yıldırım,1+1,47.5,0,7,8,8570.0,11.2,4.5,5.6,5.7,4.8,5.0,6.5
1018,Yıldırım,4+1,136.1,2,4,6,24190.0,10.5,6.6,3.5,6.0,6.3,5.4,6.7
1019,Yıldırım,2+1,84.6,11,1,10,12500.0,12.1,4.2,4.5,5.0,7.1,4.7,5.7
1020,Yıldırım,2+1,93.0,13,2,6,12740.0,10.6,3.8,4.0,4.2,6.1,5.4,5.6
1021,Yıldırım,1+1,59.1,15,5,5,7670.0,12.1,7.3,4.6,4.5,5.9,4.6,5.9
1022,Yıldırım,1+1,51.5,1,1,5,8490.0,13.5,7.3,3.8,4.6,5.7,6.6,6.1
1023,Yıldırım,3+1,119.7,0,1,10,24370.0,12.0,5.0,4.3,6.0,5.7,6.7,5.4
1024,Yıldırım,1+1,58.3,7,2,4,10420.0,12.5,5.0,4.4,4.6,6.2,7.3,5.7
1025,Yıldırım,2+1,83.4,5,7,11,13580.0,10.7,6.4,4.3,4.3,6.6,6.1,5.8
1026,Yıldırım,1+1,51.8,14,4,4,6970.0,12.3,5.3,3.8,6.1,7.1,5.8,6.3
1027,Yıldırım,4+1,157.0,6,6,9,27000.0,10.9,3.2,4.2,6.5,5.6,6.6,7.1
1028,Yıldırım,3+1,122.5,1,1,3,19400.0,13.4,6.1,4.8,5.1,7.3,5.7,7.4
1029,Yıldırım,4+1,157.1,18,10,10,23050.0,11.4,6.2,5.5,5.3,6.7,5.5,5.3
1030,Yıldırım,3+1,122.6,10,6,6,17090.0,13.8,5.6,5.6,5.0,6.4,6.4,5.3
1031,Yıldırım,4+1,154.5,13,1,6,26070.0,13.0,6.4,4.6,5.4,6.5,5.1,6.2
1032,Yıldırım,2+1,76.8,3,3,4,11900.0,9.9,7.0,3.4,3.5,6.5,6.1,6.4
1033,Yıldırım,1+1,55.5,17,5,8,7800.0,10.1,6.4,4.1,5.1,6.1,6.3,6.4
1034,Yıldırım,2+1,80.7,1,6,8,9900.0,13.0,6.2,5.0,4.0,5.8,5.2,6.7
1035,Yıldırım,2+1,93.8,3,5,8,14720.0,10.6,7.1,5.3,5.6,6.5,5.8,5.8
1036,Yıldırım,3+1,127.7,0,3,5,21190.0,12.9,7.4,4.8,6.4,5.6,4.7,6.6
1037,Yıldırım,1+1,45.7,1,0,4,7060.0,9.7,5.5,4.2,5.1,6.7,6.5,4.5
1038,Yıldırım,1+1,50.8,7,3,3,9070.0,12.0,6.2,3.9,4.9,6.7,5.5,5.1
1039,Yıldırım,3+1,111.5,5,0,3,17760.0,14.2,6.0,4.6,3.3,6.3,6.1,5.4
1040,Yıldırım,1+1,50.2,4,8,10,8760.0,13.8,5.7,3.8,4.9,6.5,5.1,6.5
1041,Yıldırım,1+1,53.7,5,5,5,8320.0,14.3,4.3,4.9,6.4,6.4,5.1,4.8
1042,Yıldırım,1+1,59.3,14,1,10,7560.0,10.7,5.0,4.4,6.6,5.4,5.3,5.0
1043,Yıldırım,3+1,127.3,2,5,8,20890.0,10.8,6.4,6.6,5.4,5.9,5.5,4.8
1044,Yıldırım,1+1,56.3,3,7,10,10950.0,12.0,6.9,4.7,4.9,5.4,5.9,6.8
1045,Yıldırım,1+1,45.6,0,3,10,8270.0,10.2,5.7,5.2,4.0,5.4,6.0,7.9
1046,Yıldırım,1+1,51.7,15,8,10,7150.0,12.2,5.5,4.2,3.7,6.0,6.6,6.1
1047,Yıldırım,3+1,126.2,0,4,7,21930.0,11.1,5.4,3.3,4.8,6.1,7.2,6.5
1048,Yıldırım,1+1,63.4,46,3,10,8520.0,11.7,6.7,4.4,5.6,5.0,7.1,5.0
1049,Yıldırım,1+1,50.9,9,1,6,7580.0,11.6,6.3,4.9,5.8,6.8,6.2,7.5
1050,Yıldırım,4+1,139.7,0,5,9,22840.0,12.3,6.6,4.5,5.3,6.5,6.0,3.4
1051,Mudanya,2+1,81.9,6,3,7,17950.0,20.8,20.0,7.9,7.7,6.7,3.6,3.1
1052,Mudanya,2+1,87.6,25,2,5,13180.0,23.5,20.8,7.9,8.7,7.0,5.1,4.9
1053,Mudanya,4+1,144.1,1,1,9,25460.0,20.9,19.7,9.8,8.3,7.0,3.4,4.0
1054,Mudanya,1+1,47.2,0,2,7,8560.0,24.6,20.8,8.1,10.0,8.7,4.0,3.0
1055,Mudanya,1+1,58.9,9,6,10,9250.0,19.4,21.3,6.8,10.0,7.1,5.2,2.7
1056,Mudanya,2+1,85.6,9,9,9,14580.0,21.5,18.9,7.9,8.6,7.3,2.7,2.5
1057,Mudanya,2+1,84.2,12,2,3,13820.0,21.1,21.7,7.1,9.1,7.5,4.2,2.3
1058,Mudanya,3+1,101.8,4,2,3,21330.0,22.7,22.6,8.2,7.0,8.2,3.9,4.8
1059,Mudanya,1+1,64.9,13,2,6,11010.0,22.0,20.8,8.9,9.2,7.5,5.7,2.7
1060,Mudanya,2+1,78.8,9,5,11,14920.0,22.2,19.3,7.6,7.9,7.8,3.9,3.4
1061,Mudanya,3+1,105.0,4,2,3,17250.0,26.5,21.8,9.1,8.0,7.5,3.4,1.8
1062,Mudanya,4+1,136.8,0,0,7,25390.0,21.5,20.9,7.5,8.6,7.7,4.3,3.2
1063,Mudanya,1+1,63.6,30,2,11,7600.0,21.8,21.0,6.9,8.7,8.0,2.7,2.8
1064,Mudanya,1+1,47.3,2,0,3,10510.0,20.9,20.8,7.4,8.5,7.2,4.0,2.5
1065,Mudanya,4+1,135.9,11,0,4,25940.0,19.6,21.2,7.9,8.6,8.0,4.2,4.0
1066,Mudanya,2+1,80.4,6,7,7,16830.0,22.6,21.5,8.6,8.1,7.1,4.0,2.3
1067,Mudanya,1+1,51.1,6,2,9,12480.0,21.0,22.3,8.3,8.5,6.6,4.0,4.7
1068,Mudanya,1+1,49.7,20,4,8,7390.0,20.7,21.5,9.3,8.7,7.3,5.1,2.1
1069,Mudanya,3+1,122.6,1,5,5,23540.0,20.9,21.7,9.5,8.6,7.3,3.6,3.0
1070,Mudanya,2+1,83.3,8,4,10,15320.0,21.7,19.8,7.7,8.1,8.0,2.8,4.4
1071,Mudanya,2+1,79.7,1,0,4,15170.0,20.6,18.8,7.8,9.1,7.1,4.4,0.9
1072,Mudanya,3+1,117.5,3,7,11,21550.0,21.0,16.4,7.2,9.3,7.2,3.7,0.9
1073,Mudanya,1+1,49.1,0,4,6,8710.0,21.1,20.0,7.0,6.9,7.4,4.4,3.5
1074,Mudanya,1+1,64.3,2,7,7,12800.0,21.9,19.7,7.5,6.1,8.2,4.2,1.7
1075,Mudanya,2+1,87.4,0,8,9,16670.0,22.8,19.0,7.1,9.4,7.4,3.9,3.6
1076,Mudanya,3+1,112.8,15,3,9,16410.0,22.3,19.1,8.7,8.9,7.7,2.9,2.9
1077,Mudanya,2+1,77.8,0,7,7,13310.0,23.8,20.4,7.7,7.8,6.8,4.1,2.7
1078,Mudanya,3+1,105.8,0,3,11,18520.0,21.5,20.2,7.7,8.1,7.7,5.1,3.1
1079,Mudanya,1+1,57.4,1,3,3,11060.0,21.7,19.8,8.4,9.1,7.6,4.6,2.5
1080,Mudanya,1+1,50.9,2,3,11,10650.0,23.1,18.9,8.2,8.7,6.7,4.3,1.9
1081,Mudanya,4+1,166.8,0,0,11,35370.0,22.1,19.0,8.5,7.9,8.9,3.9,1.9
1082,Mudanya,1+1,45.8,0,0,5,8050.0,23.3,19.5,8.5,9.2,7.7,5.7,1.4
1083,Mudanya,1+1,59.8,6,7,9,14340.0,23.9,19.0,7.5,7.8,7.0,5.0,2.8
1084,Mudanya,3+1,100.7,4,6,6,20430.0,20.4,19.6,7.5,8.0,7.6,4.2,2.8
1085,Mudanya,2+1,70.9,8,6,6,13360.0,21.3,19.0,7.8,10.0,7.5,3.2,3.8
1086,Mudanya,2+1,70.6,5,2,5,16250.0,21.1,21.7,7.2,8.3,8.3,4.1,5.0
1087,Mudanya,3+1,102.0,12,0,3,19420.0,24.9,18.2,6.7,7.9,8.0,2.9,3.5
1088,Mudanya,1+1,57.1,3,1,6,12150.0,24.0,20.6,7.6,7.6,7.2,4.0,3.2
1089,Mudanya,3+1,107.3,9,3,8,21850.0,24.4,20.2,7.3,7.0,7.9,3.4,3.8
1090,Mudanya,2+1,94.2,12,4,10,20110.0,23.5,17.5,7.3,7.5,7.8,4.3,0.6
1091,Mudanya,1+1,60.6,0,2,5,12940.0,21.5,18.7,8.0,8.5,7.9,4.5,3.1
1092,Mudanya,3+1,111.1,9,1,5,22450.0,22.2,20.6,7.0,9.9,7.9,3.8,2.2
1093,Mudanya,2+1,71.9,1,3,4,13850.0,24.6,19.8,9.3,7.9,7.5,4.6,3.6
1094,Mudanya,3+1,113.6,13,6,7,23870.0,20.9,20.7,7.8,8.7,7.6,3.4,2.8
1095,Mudanya,4+1,140.2,2,3,3,32350.0,22.4,19.1,7.3,10.0,6.9,4.1,3.3
1096,Mudanya,3+1,102.9,13,9,11,17560.0,20.9,21.6,8.0,8.1,7.6,4.5,2.7
1097,Mudanya,2+1,90.5,2,3,9,18600.0,21.9,19.2,7.0,7.2,7.0,4.4,2.1
1098,Mudanya,1+1,57.2,15,2,3,9790.0,21.8,21.2,9.0,10.0,6.5,3.4,3.6
1099,Mudanya,3+1,102.2,1,10,11,25280.0,23.6,21.3,7.7,8.4,7.3,2.9,4.3
1100,Mudanya,2+1,74.1,13,0,9,12520.0,19.2,21.2,7.0,8.3,7.6,4.3,3.8
1101,Mudanya,3+1,129.0,13,1,10,24410.0,19.7,21.9,6.9,8.2,6.7,3.5,3.0
1102,Mudanya,3+1,120.1,1,2,6,23570.0,21.8,21.5,8.7,7.6,7.1,4.3,3.3
1103,Mudanya,2+1,90.7,6,3,3,20710.0,22.8,18.6,7.6,8.1,7.6,3.9,2.0
1104,Mudanya,1+1,54.4,12,7,11,10190.0,22.4,19.3,8.1,10.0,8.2,3.8,2.5
1105,Mudanya,2+1,85.5,1,0,4,16620.0,19.9,18.6,8.4,8.4,7.9,4.1,3.9
1106,Mudanya,2+1,93.0,10,3,5,14970.0,21.5,21.3,9.5,8.4,7.1,2.6,3.8
1107,Mudanya,2+1,89.6,4,3,5,19700.0,20.5,20.3,8.6,8.3,8.0,4.6,3.5
1108,Mudanya,2+1,88.8,7,0,3,17710.0,19.2,20.2,7.9,7.5,7.3,3.8,4.7
1109,Mudanya,3+1,123.8,5,7,9,19150.0,23.0,19.2,7.7,7.7,7.5,4.7,3.8
1110,Mudanya,2+1,93.8,1,7,11,16720.0,19.3,20.8,7.4,8.1,7.4,4.3,1.7
1111,Mudanya,1+1,63.5,2,2,3,13040.0,20.8,17.4,8.8,7.9,6.8,2.8,1.7
1112,Mudanya,3+1,116.1,1,0,3,24680.0,21.6,22.7,6.6,8.6,7.6,3.3,3.1
1113,Mudanya,3+1,109.5,0,6,8,16980.0,20.7,21.8,8.7,8.9,8.2,2.7,3.7
1114,Mudanya,4+1,165.5,1,0,8,35210.0,18.7,20.5,7.4,9.4,7.8,3.6,4.4
1115,Mudanya,1+1,57.0,30,3,7,8900.0,21.5,19.6,8.0,7.6,6.2,4.2,1.2
1116,Mudanya,3+1,120.5,15,3,3,16930.0,19.5,20.5,7.8,8.3,6.7,3.5,3.3
1117,Mudanya,3+1,122.7,11,3,3,22250.0,19.2,19.1,7.9,7.9,6.9,4.0,5.2
1118,Mudanya,3+1,116.6,27,4,4,20540.0,23.3,21.0,9.1,8.2,7.3,5.2,3.6
1119,Mudanya,2+1,91.6,0,1,3,15230.0,22.4,20.3,8.3,9.0,8.4,4.3,3.0
1120,Mudanya,1+1,51.7,5,11,11,10580.0,22.6,20.3,8.0,10.0,7.1,4.8,2.9
1121,Mudanya,2+1,84.9,7,5,5,17720.0,22.1,18.8,9.2,9.4,8.5,4.2,3.0
1122,Mudanya,2+1,81.0,9,2,9,15150.0,19.8,20.2,7.6,8.3,7.7,4.9,2.2
1123,Mudanya,2+1,89.3,1,2,3,17240.0,21.7,20.7,8.3,7.7,8.3,4.7,2.2
1124,Mudanya,4+1,159.2,14,5,10,30000.0,22.0,20.7,8.1,8.2,6.3,4.4,2.7
1125,Mudanya,1+1,61.9,0,7,10,14600.0,22.3,20.2,7.9,9.8,7.1,3.8,1.9
1126,Mudanya,4+1,160.8,15,9,11,26930.0,22.1,18.5,6.2,8.9,6.2,4.6,4.4
1127,Mudanya,2+1,89.0,3,6,6,21620.0,21.3,17.2,7.9,9.9,7.8,3.6,3.3
1128,Mudanya,3+1,109.5,9,4,4,19630.0,23.5,20.9,7.4,8.2,8.1,4.1,3.3
1129,Mudanya,2+1,79.0,3,7,7,15960.0,22.5,19.5,7.5,8.3,7.2,5.5,3.8
1130,Mudanya,2+1,74.9,4,3,9,15150.0,23.3,17.6,7.8,8.0,7.6,4.3,2.9
1131,Mudanya,2+1,92.2,1,0,4,19260.0,22.2,22.2,8.1,8.1,6.4,3.0,2.6
1132,Mudanya,4+1,152.8,1,3,3,29600.0,20.6,20.7,9.1,7.6,7.6,2.7,1.7
1133,Mudanya,1+1,65.0,2,0,9,15200.0,20.8,19.0,8.0,8.5,7.0,5.4,2.8
1134,Mudanya,1+1,55.3,8,2,7,12260.0,24.5,19.1,8.9,8.9,8.1,3.9,2.8
1135,Mudanya,4+1,164.8,4,6,8,34020.0,21.8,17.0,6.7,8.2,6.8,4.6,1.8
1136,Mudanya,1+1,45.5,4,4,10,8500.0,22.7,20.2,8.7,9.2,7.5,2.8,2.8
1137,Mudanya,2+1,88.8,2,5,5,20780.0,22.0,18.9,7.6,10.0,7.9,4.7,2.1
1138,Mudanya,1+1,61.0,9,1,3,11420.0,21.3,19.6,7.4,8.4,8.2,2.9,3.3
1139,Mudanya,1+1,57.0,1,4,4,13160.0,20.5,20.0,7.2,7.0,7.4,3.1,3.0
1140,Mudanya,2+1,83.9,9,4,11,18000.0,22.6,19.5,6.5,9.8,6.9,5.0,3.5
1141,Mudanya,2+1,76.0,0,9,10,18910.0,21.2,19.1,8.1,8.4,8.2,4.5,1.5
1142,Mudanya,2+1,89.9,4,4,11,18670.0,23.8,21.2,7.4,8.5,7.2,2.8,2.9
1143,Mudanya,2+1,88.2,30,3,3,12880.0,22.4,18.8,6.9,7.4,8.3,3.3,2.6
1144,Mudanya,3+1,125.4,10,2,3,26720.0,23.5,18.4,7.4,8.7,8.7,3.5,2.6
1145,Mudanya,4+1,136.7,2,5,6,25270.0,21.2,20.3,9.0,8.3,7.5,3.3,4.7
1146,Mudanya,2+1,73.8,3,5,6,15190.0,19.7,17.4,9.0,8.6,7.6,3.1,2.2
1147,Mudanya,2+1,87.3,1,2,3,19600.0,22.3,19.9,9.5,8.1,8.2,4.3,3.0
1148,Mudanya,2+1,87.7,23,0,9,16520.0,23.9,21.4,4.9,8.9,7.6,4.0,3.5
1149,Mudanya,3+1,107.8,23,4,7,20570.0,23.2,20.7,8.4,9.4,8.1,3.9,3.9
1150,Mudanya,2+1,79.6,7,10,10,14380.0,25.5,17.5,8.5,7.9,8.6,4.2,2.3
1151,Mudanya,3+1,108.2,14,1,4,18770.0,20.9,20.3,8.3,7.7,6.5,4.2,3.5
1152,Mudanya,2+1,91.6,21,5,5,17020.0,26.0,23.7,6.6,6.7,7.5,4.4,2.9
1153,Mudanya,2+1,74.4,25,3,3,10960.0,21.7,21.0,7.6,8.3,7.8,3.9,4.0
1154,Mudanya,3+1,127.3,2,4,11,27470.0,20.7,21.6,9.5,8.0,8.4,2.3,4.0
1155,Mudanya,2+1,72.6,5,6,11,14360.0,20.8,19.7,9.5,8.4,8.8,3.7,4.3
1156,Mudanya,2+1,82.2,16,8,9,17190.0,22.3,17.5,7.0,7.7,8.1,4.6,2.7
1157,Mudanya,2+1,78.2,3,8,10,14400.0,20.3,20.5,8.3,8.3,7.7,4.1,3.4
1158,Mudanya,2+1,77.8,2,2,4,16640.0,22.9,19.9,8.7,8.6,6.8,4.6,1.5
1159,Mudanya,2+1,89.8,6,1,11,18100.0,20.9,20.6,8.0,8.0,8.3,4.1,3.6
1160,Mudanya,3+1,109.5,13,5,5,19290.0,19.9,20.2,8.9,8.8,5.4,4.6,3.8
1161,Mudanya,2+1,89.9,3,1,5,16800.0,23.9,18.5,8.0,8.4,7.0,4.2,4.2
1162,Mudanya,1+1,49.7,7,3,5,8160.0,22.2,20.0,7.6,10.0,7.6,4.4,3.9
1163,Mudanya,1+1,45.0,6,4,9,8250.0,20.6,21.9,8.6,8.1,7.0,5.0,3.3
1164,Mudanya,2+1,91.1,20,2,4,15860.0,21.1,19.8,7.1,8.9,8.0,4.7,3.6
1165,Mudanya,4+1,157.3,12,5,11,33910.0,24.2,19.8,8.3,9.1,6.8,3.2,1.8
1166,Mudanya,2+1,92.1,4,4,6,18900.0,21.9,21.4,9.6,8.9,7.1,4.5,3.0
1167,Mudanya,2+1,77.0,6,3,7,14870.0,23.2,20.6,9.5,9.0,7.8,3.8,2.1
1168,Mudanya,2+1,93.9,2,3,5,16980.0,24.4,20.4,7.7,8.8,6.3,4.2,4.1
1169,Mudanya,4+1,157.3,6,1,5,35810.0,22.4,18.3,9.9,7.5,7.4,3.3,2.1
1170,Mudanya,3+1,112.9,11,4,11,20120.0,20.5,20.6,8.4,8.7,7.7,3.9,3.1
1171,Mudanya,1+1,62.7,23,3,3,10360.0,22.0,20.3,7.5,9.1,7.8,3.7,3.8
1172,Mudanya,2+1,73.2,2,1,8,15480.0,23.4,21.0,7.9,8.1,7.5,4.3,3.4
1173,Mudanya,3+1,127.2,6,4,11,23070.0,25.7,20.9,7.1,8.6,8.0,3.8,1.7
1174,Mudanya,3+1,116.6,1,7,9,20030.0,22.8,19.7,7.4,8.1,6.6,4.3,2.3
1175,Mudanya,2+1,80.5,3,8,8,15020.0,19.0,20.4,8.1,8.1,6.9,4.0,3.4
1176,Mudanya,3+1,126.9,18,5,5,21580.0,23.1,20.1,8.0,9.5,7.0,4.0,4.1
1177,Mudanya,2+1,89.3,0,7,11,13640.0,25.1,20.4,7.5,8.8,6.9,3.8,2.2
1178,Mudanya,1+1,49.3,4,1,9,11160.0,20.5,20.6,8.8,8.5,7.3,4.1,2.6
1179,Mudanya,1+1,59.0,5,8,11,8730.0,21.3,20.0,8.4,7.1,6.5,4.9,2.5
1180,Mudanya,2+1,85.5,24,8,10,12300.0,22.4,18.8,6.6,9.6,7.7,3.8,2.5
1181,Mudanya,1+1,52.3,17,6,9,8480.0,22.1,20.5,7.6,8.4,7.1,4.3,1.8
1182,Mudanya,2+1,78.2,0,1,7,17300.0,21.5,19.2,8.4,9.0,7.2,3.6,2.8
1183,Mudanya,3+1,120.2,21,2,9,19980.0,20.6,20.9,7.5,8.0,8.0,4.3,0.7
1184,Mudanya,3+1,126.5,19,3,10,21930.0,19.3,16.6,7.2,8.7,5.6,3.4,1.3
1185,Mudanya,1+1,62.9,9,7,10,11860.0,23.3,20.0,7.8,9.2,7.8,4.2,2.9
1186,Mudanya,1+1,56.0,8,3,5,10240.0,23.8,18.7,9.1,8.9,6.9,4.4,2.4
1187,Mudanya,3+1,118.8,28,7,8,20000.0,22.8,18.6,7.1,8.7,7.7,3.5,4.4
1188,Mudanya,2+1,79.0,8,8,10,17560.0,23.5,20.0,8.5,9.2,7.5,4.3,3.5
1189,Mudanya,1+1,45.4,3,0,9,8930.0,20.9,18.2,8.5,8.8,6.7,3.8,2.8
1190,Mudanya,3+1,115.5,45,9,9,18040.0,19.7,19.7,7.7,8.4,7.7,5.1,1.6
1191,Mudanya,1+1,51.5,5,1,4,7750.0,25.7,19.5,9.0,9.4,7.2,3.7,2.2
1192,Mudanya,1+1,54.4,7,6,7,11310.0,20.7,19.6,8.1,8.0,7.2,5.1,2.8
1193,Mudanya,3+1,127.5,1,2,3,23210.0,22.6,20.3,6.6,9.9,8.4,3.4,2.0
1194,Mudanya,2+1,92.2,10,2,10,16450.0,24.4,19.0,7.9,9.5,7.3,4.2,4.0
1195,Mudanya,2+1,71.1,6,6,8,15020.0,22.6,21.3,7.8,7.4,6.1,6.0,3.5
1196,Mudanya,3+1,122.8,7,3,4,21700.0,24.6,20.8,7.4,7.5,7.2,3.8,4.8
1197,Mudanya,4+1,154.5,14,6,6,28790.0,20.1,20.5,9.0,8.6,7.0,3.6,1.5
1198,Mudanya,1+1,62.9,9,4,6,14810.0,23.2,17.8,6.6,7.7,8.4,4.6,4.5
1199,Mudanya,2+1,76.3,3,3,6,16190.0,21.7,19.7,9.3,8.4,8.3,2.9,5.4
1200,Mudanya,1+1,54.2,0,3,6,10700.0,23.2,21.0,7.4,7.9,7.5,3.9,4.3
